true,4,11.8872976532907
false,6,8.92566329782609
true,7,12.4533016950133
false,5,7.88343821317176
true,5,10.0630856372837
true,4,12.4238397288536
false,9,8.13779039728363
false,4,9.2515234257677
false,4,12.2155953301025
false,2,6.53360301635492
true,6,6.11555226249586
true,8,8.44748368591101
false,4,7.13456649996402
false,6,7.09804072904782
false,5,7.98852950468239
true,2,6.8363570005507
true,5,7.44274555010405
false,6,11.8054854159087
false,5,9.26840115578382
false,8,12.5017661134367
false,8,11.8218256592573
true,7,7.53716729078248
false,6,7.17291564419236
true,6,8.35111310782174
false,7,12.2995652206098
false,3,12.9312918155808
false,5,13.0114535186624
true,7,9.69965115499001
true,6,10.7393137349024
false,5,7.62578897214834
false,4,7.96072340499944
true,3,12.9151335638193
false,3,8.65507093399695
true,3,7.82382288421805
false,4,7.72289284784726
true,6,7.62965258073971
true,6,7.51983276017973
true,5,12.3593232627994
false,5,8.31149561354511
true,5,10.8557653202344
false,6,7.92187956162951
true,3,13.3500407891396
false,5,11.5841671574153
false,8,8.21846584281321
true,5,14.6531281422202
false,3,6.14929245948973
true,7,7.70222536213038
false,2,7.33368861162862
true,6,7.53804506032444
false,6,8.58507932357698
true,3,6.9908050077395
true,7,12.6434586330208
false,9,6.2764965191325
true,3,6.81152231283917
false,6,7.90118777251576
false,4,11.0424358194429
true,5,11.85555944589
true,6,8.51343042767522
true,3,7.99504435246148
true,7,10.9004815287225
true,6,12.5153113322104
false,6,8.55935971837224
false,6,12.3229736940936
false,6,9.82099545054685
false,8,11.4789781635018
true,4,7.62299130648177
true,6,8.01625382337097
true,9,8.92967687842991
true,8,8.32313122170249
false,4,11.145640310302
false,2,6.39853518134258
false,6,12.4306132318221
false,5,12.3126073381261
false,8,11.3191643180151
false,8,7.44543569987741
false,7,12.2257327793201
true,3,11.0367552258564
false,7,10.3797362132413
true,5,7.83054311450995
false,7,7.6427918870792
true,5,13.8795808240497
true,3,8.02688875855457
false,4,13.087400138919
true,5,11.4518119790931
true,7,6.92246544836133
false,4,6.54128864666174
true,6,7.86856922135634
true,2,9.0212500730906
false,5,7.53239362320973
false,3,7.67151624243783
true,7,10.7392044875898
false,6,7.9491546734275
true,7,10.5519654995963
false,6,8.0298260854687
true,6,7.43744957123886
false,4,7.7912690670835
false,6,10.192320480639
false,8,12.7850436213654
false,7,7.67316945009768
false,6,11.6778722386347
true,3,6.80983765386665
true,7,11.8726736737544
false,3,7.04217007747129
true,6,8.06673923676735
false,6,6.78592144828781
true,3,12.8534547072816
true,6,7.12776585624533
false,4,6.39149645596653
true,8,7.58664793455348
false,6,11.5666655393564
false,2,7.84375930494397
false,4,7.99246212337007
true,7,10.9379205617028
false,7,11.1684155663661
false,3,12.5369340728882
true,6,7.77297070941062
true,8,13.99305393766
false,4,6.28137672825095
false,7,8.34806779833871
false,9,6.61819690042459
true,6,8.48032785957082
true,5,13.8421893644218
true,2,8.76054731759722
false,7,13.6281691299472
false,7,6.95573190680871
true,3,8.25019986084733
true,6,12.3372812820134
true,7,10.2599729878844
true,6,11.4624037822023
false,7,11.6673160814671
true,5,8.07189134400639
true,2,8.19505154186687
false,1,7.56865190319589
false,8,9.93610402951777
true,3,10.9996060169748
false,6,6.46151273717536
false,6,11.6084796910969
false,5,12.8242590397576
true,8,10.8673082908067
false,6,13.0343788172042
false,5,7.3603895153088
false,5,9.16242697858987
false,2,8.00544781880109
true,7,11.3461944606748
true,7,10.6830023987593
false,4,7.99511697779056
true,5,7.34948573144463
false,2,13.1679873504679
false,7,11.591765716297
false,8,7.55914675171542
false,7,7.15378877415277
true,6,7.6629563972565
false,6,7.21426848908085
true,7,7.65698852193293
true,6,10.8127641333263
true,2,11.6675320030061
true,4,12.4790770665923
false,5,10.988012963785
true,5,10.9371281624331
false,5,8.70146120798037
false,7,7.36572319591972
true,4,7.17522109209703
false,5,12.2346500473788
false,7,13.0511156774066
false,5,5.99566748907535
true,3,7.99410925501114
true,6,10.9372413404969
false,5,7.84184349942934
true,4,10.6530399088711
false,4,11.1778711988134
false,6,8.95069494510689
false,4,12.5811078436617
false,5,11.3331291955459
true,7,7.87128231916969
false,4,13.5981784164741
true,8,8.93318252694267
false,1,7.65725577555294
true,6,10.4752190809174
false,9,7.08042246756761
false,5,10.3268602000201
false,4,12.0530224307469
true,4,8.99380729721961
true,5,11.7208259015015
true,7,8.13640268989453
true,10,11.7086240258087
true,5,12.4553228888529
true,6,12.8799169954747
false,4,7.53495203655454
false,6,12.4395421362911
false,6,10.7187923323316
false,7,13.2386387619903
false,4,8.67775966530033
false,7,11.5480791266356
true,6,13.2695464893289
true,8,8.83984388322818
true,6,7.39119126266889
true,7,12.3852029765859
false,4,12.3352743611463
false,6,10.6106719923284
true,5,9.4882765906719
false,6,12.033349562536
true,7,8.30456842187078
true,5,13.2372081126604
false,5,7.04469561629262
false,7,10.811913652516
false,5,6.86175102443747
false,4,7.15412885287759
false,6,8.57489584409321
true,3,12.5808719502945
true,7,9.61928772092015
false,3,8.02978229839067
true,5,8.21892491178083
false,4,7.62515986688201
false,5,13.3863682427164
true,4,11.986726082172
false,5,11.569215875022
true,5,12.7227930889712
true,4,8.13127351398355
true,7,8.25947136735577
true,6,7.14572050016453
false,5,11.9651608070842
true,5,7.89547117731995
true,7,8.307286428314
false,5,10.2225090007656
true,6,7.22157412318749
true,4,8.06397510855702
true,7,9.12769921006621
false,10,9.29684245992139
false,8,9.77803825881838
true,7,12.1869745857569
true,6,7.83737717592303
false,6,12.9222165723974
true,4,10.0485335315824
false,7,11.1440950563988
false,5,8.50253771366679
true,4,7.49219979567184
false,5,7.65521826720318
false,4,6.69839617137777
true,5,8.06364508008199
true,5,11.1202564523621
false,2,12.0945218057066
false,6,11.7638946986955
true,2,14.0316705717515
true,7,7.42241675349188
true,3,12.0464433984457
true,6,8.68898966882367
true,5,12.0634998090179
true,5,8.84974922994612
true,7,9.10155496968141
true,4,5.41590911020847
false,8,7.56787756108225
true,6,10.5460879450696
false,4,7.49309080699202
false,5,12.6754075609823
true,5,7.92317392156517
true,4,8.56997358026611
false,5,11.5503116427143
true,8,12.3799786818263
true,2,7.75031345257663
true,7,8.30643920894699
false,6,11.8641329171846
false,4,7.12676829658588
false,6,12.0067247635747
false,5,5.8029476193854
true,6,7.92107914677621
false,7,9.04143285200985
true,5,7.73980321787339
false,5,8.56584759189126
false,5,11.0637490826451
true,6,7.98137455194893
true,4,6.33784891527113
false,8,6.40762975024215
false,5,11.1782430405162
false,6,12.0809790362794
true,6,11.4869848042414
true,6,12.995376788123
true,3,7.81976035063301
false,5,9.78694487688219
false,8,8.05333881858695
false,6,13.0260011170139
true,5,12.1555013964636
false,4,11.211727174391
false,7,8.13720013006859
true,4,8.67106493959757
true,7,8.71144188366157
false,5,11.2868798830902
false,7,8.80859155383342
true,4,11.1294911367553
false,8,6.95827297297715
true,3,7.51026240555729
true,4,6.7757625716464
true,5,10.9215243171168
false,8,10.9302991057275
false,5,7.31527595082167
false,5,12.3628899524884
true,4,10.2531727752693
true,6,9.68436896772001
false,4,7.51020873057154
true,3,6.24634903475385
true,8,10.6783521955603
false,6,11.6290321810627
false,8,8.6198987491015
true,5,10.5710271355213
true,4,11.869838733627
true,3,12.118221513832
true,4,7.65383144475809
false,2,13.7186225386443
false,5,9.20830568824675
false,5,13.1611433147922
false,4,6.92111301297944
false,7,10.076244215055
true,5,12.7956640552538
true,5,9.17457265899238
true,5,7.22921663102238
false,5,6.84370329690064
false,5,10.4008731543862
false,3,7.89273794514578
true,5,7.77161847113027
false,6,6.40291959193536
false,5,7.17361623663246
false,4,7.46212747040542
true,4,7.26206611304977
true,6,12.0994690113163
true,3,11.525953368124
false,7,12.1375453999013
false,7,8.06289102266011
false,4,7.48053582564666
true,5,12.0506273565013
true,4,7.94417486058315
true,5,8.21535253757359
true,7,8.35087315276255
true,9,8.4337270798785
false,4,12.2497176167416
false,1,8.05362699785796
true,5,7.45436964598995
true,6,6.64664311989275
false,5,7.58723885925314
true,6,7.2825055998677
false,3,7.30329978835678
true,5,7.96202700434966
true,6,7.00947924329201
true,7,6.39643770984241
false,6,6.14483928924676
true,4,7.8470245840334
true,9,12.5132911194524
true,3,7.15949229760065
true,5,7.03862033318229
false,4,12.0312180332863
true,2,7.15466735240284
false,7,12.198057661008
true,4,13.6200093036804
true,7,7.61217573830968
false,5,8.5990669202613
false,5,8.80604955847185
false,4,6.82217230097582
false,4,9.06638829383592
true,7,7.31475397083723
true,5,8.28201836167772
true,4,7.86037174531769
true,4,11.9614609563426
false,7,6.81869941756781
false,3,11.5240055180076
false,5,7.76260129792183
false,5,11.5474755942102
false,4,11.8743111025702
false,6,12.1352873115192
false,7,8.5019943780872
false,6,8.14021781891878
false,5,12.8594225526438
true,4,6.57935040449994
true,8,11.4489049555379
true,6,6.6367950166725
false,6,6.86053852668314
true,3,11.3744519513697
true,5,11.4915058458094
false,6,11.7006288469427
true,7,8.4861580347895
true,11,12.7602190739612
true,6,6.80391353838635
false,5,7.86659122392552
true,8,11.5417763425448
true,8,7.67011652756044
true,8,11.6144984421704
true,5,7.04210739578217
true,6,8.12772725047211
true,4,8.45801236519751
false,7,8.25151486440146
true,4,8.87203174206876
true,6,8.22843354720473
true,8,11.0713511874719
false,7,13.9238511509063
true,3,8.59758134674659
false,7,8.52421680290092
true,5,13.4274782856766
false,2,8.7736576853271
true,10,12.3441626009184
false,5,7.01999317197407
true,6,8.40187631179886
false,7,9.99534682529634
false,7,6.28763086217038
true,6,10.9121429309546
true,6,7.19328816292981
true,6,7.67992257215637
false,8,13.3373950483995
false,5,8.14464191207504
true,9,7.81564992691295
false,5,8.06289331027828
false,5,7.1217106245903
false,4,11.414086673059
true,3,7.35059598194391
true,6,9.58627385966184
false,9,6.47225622132832
false,7,8.13927762176854
false,6,6.67927253403799
true,6,12.2194179010722
true,7,6.82496156586204
true,7,7.66037667254213
false,6,12.803132627541
true,7,8.37273585150192
true,6,8.2684369606145
true,6,11.7937371491074
false,2,11.476198900934
false,6,7.66652094615837
false,3,6.49358437309752
true,7,12.9228381725852
false,7,7.53227222351719
true,7,12.0822662941378
false,7,7.22882322058003
false,8,9.35138817030283
true,4,9.10459725602242
true,6,7.15079009863668
false,5,8.33078207501529
true,6,12.0068555300159
true,8,7.86635423223562
false,8,7.8581029218935
true,7,11.6506739771484
false,4,12.5908936068952
false,7,7.75578367840886
true,7,7.38202672575771
true,7,11.4271982057396
false,5,7.51640630165242
false,1,6.79279960987712
true,5,6.18845349622625
true,4,12.1417401116345
true,5,7.00472248000284
true,6,7.07468902183944
false,6,12.7866653363286
false,6,7.39657729198491
false,4,12.0227998010616
false,6,8.03916695448064
false,5,8.97420821049759
true,6,8.5443037015344
false,4,8.55278209169086
true,6,8.54163652871924
false,5,6.88048187225077
true,6,8.67851386751392
true,6,7.74666559929799
true,5,8.16643930922771
true,3,11.6656983606953
true,5,7.22954447890938
false,4,6.9714838909898
true,5,7.99173248286848
true,5,6.43116408838926
false,7,6.72242750914058
false,2,12.6288608912088
false,4,7.1063700496774
true,6,9.05759168936726
false,5,8.24945013601768
false,5,7.80021769902454
true,5,11.9634231563171
false,6,7.23664522593112
false,6,13.6309548829168
true,7,12.8965138083562
true,6,13.059548494204
false,8,7.69956761175595
true,2,14.066113016822
false,6,8.10430735566977
true,4,8.30823196069938
false,5,9.02193610806841
false,5,8.54705049994141
false,2,8.06160584392081
false,5,12.6844368761204
true,3,8.36665374794969
true,4,11.0801604092235
false,8,7.62155442385079
true,7,10.4477556582437
true,3,7.15545365324757
true,5,9.17973785653264
true,7,7.05632632158842
false,6,8.24358436235585
true,8,7.98952285313731
true,7,8.87413256703906
true,8,10.9249243317787
false,7,7.90823847024308
false,7,7.36506064168924
true,4,8.13600379878574
false,8,12.8821023332529
false,6,8.00348597322616
true,6,10.3884917245995
true,6,10.3483037684755
false,10,12.4001570404234
true,9,7.22811800524054
true,9,13.4751247693445
true,5,12.9067108470206
true,6,10.1974393385453
false,7,13.2573607825978
false,4,8.18731962209963
false,6,11.712904505472
true,5,8.21681057267752
false,5,11.7675121226675
true,7,12.6493490812199
false,6,8.82616778323323
false,4,7.67142763291086
false,4,10.8961676945396
false,4,8.88146174042636
false,7,7.71752313624558
true,5,7.72751848563511
true,7,7.64500036542522
true,5,5.8373306352521
true,4,8.64567609121736
false,4,12.2126769977936
true,2,7.4753550955021
false,4,8.06825689494469
false,5,11.8517235708626
true,6,11.5679971239468
false,8,7.49439513773823
false,6,8.23923243449639
true,3,6.99491884917073
true,4,12.3656881374438
false,3,12.3215200816553
true,7,7.2444450968669
true,4,11.9086331097902
true,6,11.8716643403123
true,4,7.07951527456879
false,6,7.22402921071854
true,6,7.24707223600051
false,7,6.57721748347378
false,5,13.2603858726554
false,2,8.94552269773248
false,7,8.95147605848528
true,5,6.80214296010038
true,4,7.84145355452763
true,6,8.86093331421305
false,5,6.71894949713035
false,2,7.78114506904152
false,5,7.74081269624096
false,5,9.08324323508929
true,6,8.53989325291793
true,4,7.65794327358768
true,4,8.1353441978806
true,5,10.824232917567
true,6,9.87732495945322
false,5,11.042400635711
true,6,10.744053368192
false,6,7.72600082829191
false,3,11.3160423655154
false,2,9.52365831319991
false,4,8.68263283766291
true,5,7.9681499007054
false,4,12.7682052127206
true,8,12.9590152202778
false,3,11.6027628938523
true,6,12.8033618291389
false,7,8.36659308278409
false,5,11.5907493970876
false,7,6.96492124389937
true,6,12.8622175078588
false,6,12.96030497527
false,5,7.8196801946319
true,2,10.5609347010604
true,6,12.6975196305544
true,6,11.4084336336526
false,5,6.79066258939648
false,5,13.6814842920343
true,6,13.7535328503271
false,6,8.1309618133266
true,6,11.8239514195189
true,4,6.44991620227614
true,6,13.4892897808423
false,4,8.60876231276464
false,5,7.23573089496412
false,6,9.05961642717127
false,7,7.92866334102304
true,5,11.8929878370063
true,5,8.02305725925565
true,2,10.799123756377
false,8,7.90507227055326
true,5,12.651127829358
false,6,12.6678944998079
false,6,13.2983470323651
false,9,13.8815223580555
true,4,7.35787540123722
false,2,9.04735422128719
false,5,11.4353128722132
true,8,8.12588064751633
false,7,7.45375619482738
true,5,10.8742335812059
true,5,11.2227705996539
true,7,8.7515904344976
true,5,10.9181397164718
true,3,11.2316731660432
false,4,9.71473746866176
true,7,12.2138712894211
true,4,10.9600563040906
true,7,11.9835961352919
true,5,7.44864479521218
true,8,12.2103817960654
true,6,12.4903617493032
true,6,12.6879541483497
false,7,7.16962535599386
true,4,7.69930453739367
true,7,6.55485910484157
true,5,11.7521537185464
true,7,8.25932085279615
false,7,8.47133804535998
true,6,6.37172706517328
false,4,7.53276407826249
false,4,8.71347758838877
false,1,10.0014240286808
false,5,7.70502433438413
true,4,6.98459565278133
false,5,11.1436824079416
true,5,13.3367809040702
false,5,8.27954821994886
false,6,7.87198464686499
false,8,9.6842374772462
false,4,7.77856080438029
false,4,7.5842862105964
false,8,8.68500199231186
false,4,11.9961232432564
true,4,6.73052002682704
true,6,8.40014210244493
false,5,7.23313410225973
true,5,10.6814165075111
false,3,7.9477174519344
false,8,6.54974194797481
false,5,8.3507409985869
true,4,11.274755767648
true,7,7.61988701695434
true,4,9.0307101481844
true,5,7.61329166939347
true,4,7.60920258607452
false,4,8.53196963882167
false,7,9.78122190559013
false,5,13.0084029876837
true,5,13.3271434273889
false,7,7.7192099798017
true,6,8.19741680336699
true,4,14.3256694944724
true,3,5.63985456512374
false,7,12.2770700109907
true,7,10.8446877442964
false,8,11.9999063446525
false,4,6.96944771373874
false,3,11.2456048704588
true,4,7.68009878450397
true,6,12.1999099431638
true,6,8.62259023796999
false,5,7.19282955578953
false,5,12.7972326594834
true,6,11.0244472183442
false,5,12.373342333949
true,4,7.65056044700313
true,8,7.76238918039203
true,6,8.25099836430989
false,6,11.1564761698165
false,9,12.2168726511873
false,4,12.1256780265202
true,3,10.626524856094
true,8,12.0657680315201
false,4,11.0823680875106
false,7,8.0365550313186
false,5,8.22919564049106
true,6,7.26277207464302
false,4,7.66110704343324
false,7,8.11509762522858
true,7,11.3205539803093
false,7,13.2129432881507
false,5,7.93330356321045
true,4,10.3058757866285
true,5,12.3199218249273
true,8,7.80035922204832
true,8,7.94404499434684
false,7,7.7806131247204
false,9,10.7003933587777
true,10,7.55243692953284
true,6,11.8076006369154
true,8,11.119793360376
false,4,11.6690636042687
true,7,10.561347666026
false,8,8.9306693710798
true,5,12.3223953221932
true,3,11.7023813839853
false,4,12.8667124493443
false,7,7.72151931530206
false,5,8.78266100424461
false,9,7.33903679187681
true,7,7.03848577508358
false,3,7.50930588730465
false,4,7.5527080254314
true,4,10.4319852591739
false,5,5.94324533964478
true,4,13.1947397261782
false,1,10.7727734111877
false,9,10.6230778589805
true,5,7.54902429660652
false,6,8.3345768758392
true,8,13.7061348889291
true,3,12.902493509729
false,5,6.64670474212274
false,5,6.5553410386663
true,5,8.14573806492767
false,5,6.84259646351073
false,5,7.34878048094573
false,7,11.6096528842449
false,5,8.02930629094278
true,6,12.3759962659948
false,5,7.76460575844998
false,4,10.5527641790335
true,6,7.25694842545214
false,6,12.2477568213271
false,3,7.41656201379588
false,5,6.85515548603542
true,5,12.4159394153694
false,4,12.8896106086503
true,7,6.86115927335565
false,5,8.12388941121839
false,2,9.59565479948941
true,3,8.0827976947435
true,5,11.652226629442
true,4,8.88991804654768
true,4,8.81241099320914
false,7,13.6572378714074
false,8,12.5639269085996
true,5,6.93935478052546
true,5,8.7535149714232
true,6,7.60315802776702
false,4,6.66530136962869
false,9,12.4650084629374
false,7,10.9040372547709
true,5,12.9143312407506
false,6,8.82066850513559
false,3,12.1524169822125
false,7,5.86619206286732
true,5,11.5123556782064
true,6,9.83247618576557
true,6,11.4647321968653
true,4,12.8053495531309
false,5,8.00455097553398
false,5,9.18697181045084
false,6,7.24022686211303
false,4,7.74457722983885
true,5,12.8708857306511
false,8,12.4266947945226
false,8,7.77773066953453
false,7,7.27587377953263
true,5,12.1279018758131
true,3,8.59075412847542
false,4,7.609187359145
false,7,7.94351530223965
false,5,11.88865932551
false,5,14.9988184352843
true,3,12.3162086688787
true,3,11.2485057869993
false,6,10.1845921068775
false,5,11.220522298475
true,6,9.01766877025014
true,8,8.24258378820666
false,5,12.7251287133993
false,5,11.7790781396824
false,6,13.2805918035919
false,4,12.540507479
false,4,8.11198464098331
true,6,7.91550842926621
true,5,6.66567726524485
false,7,12.9980156909528
true,6,8.87572951680113
true,6,5.00174808775634
true,7,8.06116308136404
false,4,8.88100105985041
false,7,7.1299385371645
true,4,8.60123361807586
true,5,11.9337890920669
false,5,11.8316042152679
true,6,7.83334054319523
false,6,12.6933831639988
true,7,6.28080053191551
false,8,7.73704259386976
false,9,11.2464438155775
true,4,7.85588818854635
false,4,11.7851797575998
false,4,8.27652142344053
false,9,12.3666901552616
true,5,13.5537293816918
true,3,7.69962343695016
false,3,7.71401631156128
true,9,11.5139768064512
true,7,11.8309158753986
false,6,10.8368420540922
true,7,11.5212820865295
false,6,12.0482569574126
true,7,8.09991859671358
true,3,9.25017151303275
true,6,12.8296035910282
false,4,12.4059343072981
true,6,8.99464431355571
false,7,12.4918057643177
false,7,7.18758681686736
true,7,8.59530439903389
false,5,7.97853275493556
true,7,8.11445781207393
false,3,11.4287797491932
true,5,7.57553758431903
false,3,9.90998489685763
false,8,12.2124447627067
true,6,10.8351589207777
true,6,8.12120244186292
false,4,11.6444509398989
false,7,13.4941632528994
false,4,7.49356466138014
false,5,7.20758474043406
false,3,9.10660369094617
true,7,6.42230112826107
false,6,6.88989522480456
true,8,8.32804813391803
true,3,9.92582236960139
true,5,6.76512785904332
false,2,11.6507300951097
true,7,8.12806098190043
true,4,7.24712900739786
false,5,11.1073264021177
true,6,11.9264864538938
false,6,7.33536448172116
true,6,7.43536246847812
true,3,9.02803776762962
false,3,8.20911863089443
false,6,7.29173507620633
false,7,9.14920086861124
false,2,7.00628284803019
false,4,12.3824262605895
true,4,8.33268193052652
false,6,12.8446790152814
true,8,13.1039091264309
true,5,11.9095335584196
true,5,8.07642551070825
true,8,13.3935451461223
true,4,7.41475985151583
true,7,12.4344972592229
true,5,7.87052473475294
true,7,12.5352274944244
false,4,7.20001692898019
false,6,13.3000760061714
false,8,8.02194216031766
true,7,7.07595482970924
true,7,12.3864639487407
true,3,8.52320211909714
true,9,8.16115661571882
false,7,10.4283192634209
false,7,14.0777558512129
false,7,10.6780997016908
false,6,12.5374593835555
true,6,12.9140491480969
true,4,12.5684723920118
false,8,11.4128714490473
true,9,10.5874507173011
true,5,13.1944141047291
true,7,7.37424599279674
true,5,7.11603675028114
false,4,8.18239122298491
false,4,7.70672555246064
true,6,6.87455866774601
false,7,7.32935651776242
false,5,8.63285997405499
true,6,10.9611010052675
true,5,8.31080616347162
false,8,10.3552592726377
false,5,8.60459088787592
true,7,6.39987780347819
false,4,11.1438391219169
false,6,9.95558338858585
false,6,8.08654418213098
true,5,13.1245563297218
true,5,12.503041780941
false,7,7.24165616199575
true,4,7.54924718070635
false,7,8.5015829118804
true,5,12.7001303239224
false,11,7.02527987422491
false,7,7.92128471202742
true,7,8.19771724095171
true,6,6.85390528462351
false,7,8.05404050035617
true,4,12.1074656205618
false,4,11.9930807349698
false,5,8.09091719538304
false,4,10.2228612525126
true,7,8.7108864846892
false,6,8.24147606027663
true,4,11.7539024389165
false,7,11.9304280888663
true,7,8.08860519262179
true,5,11.5314298685126
true,7,9.01194095720638
false,7,7.81612074252421
true,4,7.90397795269347
true,8,10.7534858715808
true,8,11.9162974718541
false,6,11.9340421731767
true,5,11.2150987176251
true,3,11.8825967826133
false,4,6.8502183361833
true,5,8.25993568339386
false,2,6.19544458279355
false,8,7.83339936908336
true,5,11.5410071842722
false,5,8.74037548625378
true,7,8.20650567188682
true,6,9.87044204609794
true,5,7.58571237217094
true,6,7.69803654004684
false,7,9.2037076014392
true,8,7.14446859413577
false,6,8.67449021978311
false,8,13.1317548930235
false,4,9.71113473184636
true,8,6.51294342592215
false,5,12.7343256085565
false,5,11.2213407714407
true,7,8.84015400915448
true,4,7.42464353489063
true,6,6.58907550297326
false,6,6.40627073209637
true,7,12.1477839577805
true,4,7.01928404492063
false,7,7.36239370997746
false,4,7.7759333075254
true,6,6.82619112324869
true,7,7.68143972051235
true,6,14.1619085503732
true,9,10.7031988431213
false,5,9.10110781875755
false,7,6.79344561643014
true,4,8.42606717713039
false,6,7.19338893638665
true,6,8.22570669630169
true,7,7.95269803157701
true,6,7.38293949890761
false,8,7.90046023391408
false,8,11.9769039509932
false,7,6.85199725795873
false,5,11.8912255939349
false,6,7.54838882786263
false,4,10.8283264169393
true,4,8.85283106215505
true,6,13.8084914254671
true,4,13.2602151152647
false,6,13.0895920011898
true,6,7.83446356419916
true,4,8.2661682747091
true,7,8.031666860576
false,4,12.803449022453
true,7,9.02292852933092
false,4,8.29414783944523
true,5,12.1673452526224
true,5,7.16412589738894
true,7,12.5643700932716
true,5,7.97294696005745
false,4,5.98329577936026
true,8,9.30179926928671
false,8,8.48423111596707
false,5,8.0707613990475
true,8,8.02881867661208
false,6,14.548723142531
true,7,8.72458488259012
true,4,7.8900315810491
false,7,11.7837673806553
false,8,6.58262843897397
false,8,6.94507840370218
true,5,12.3281388179765
true,5,8.99212503652939
false,8,8.47145988514195
true,6,8.92514645974612
false,7,8.47390035253415
true,10,13.7693881360914
false,3,8.44931389730853
true,9,9.71195536630481
false,5,7.06484683564448
true,5,8.55796331414796
true,5,7.59359526251999
true,6,12.625203241943
true,3,12.8889208423689
false,6,9.70811876105443
false,6,8.15285103589468
false,7,11.5974666179127
true,5,6.4135555873425
false,5,7.91312853308894
false,5,13.0087547079715
false,3,6.91454529766997
true,6,10.4243782484597
false,5,6.95888195579087
false,5,6.90968429175824
true,4,11.5814127707886
true,8,11.3796088755127
true,7,12.042459272392
false,9,9.52610740051464
true,6,7.10063560125122
true,3,12.5200633201609
true,5,8.26739882549499
true,2,8.32042194769493
true,6,7.84682266689543
true,7,12.9444800339077
true,4,11.4859235687348
false,6,6.22935899457672
true,10,7.52279711615187
false,6,13.1646291636743
false,5,7.52764979810545
false,4,6.83449763759176
true,5,7.48948627279985
true,4,8.16129833215548
true,5,11.4563760189188
true,3,7.01803662116315
false,7,10.7665045960638
false,5,7.62119098769352
false,2,11.7837352111683
false,7,7.09910142850618
false,7,6.93661300298807
false,2,12.2187916658753
true,7,9.73417547414579
true,3,11.8458849811811
false,6,13.4944151644644
true,6,12.2967714855105
false,7,7.6622958522743
true,4,8.90180765002354
true,5,7.45086098566309
false,4,13.6818681230732
false,5,8.74270814875532
false,4,8.44854870991915
false,7,8.74061410436828
false,4,7.73011109490563
true,6,8.46154030645921
true,2,7.0483287555277
true,6,10.258951524564
false,5,7.15923550430079
true,2,8.59573003839862
false,6,12.8675997900782
true,6,9.18437863054884
true,6,7.01036265184281
false,7,9.89039056034546
false,5,12.7346212149061
false,6,7.73169882219011
true,5,12.7182946324238
false,7,8.91009579491148
false,5,7.62463971799749
true,2,12.3765884038242
true,4,8.07887288839486
false,7,12.5544727949023
false,8,8.49778755556841
false,8,12.1849999072518
false,3,7.85854866375087
true,6,9.27303658958736
false,4,10.6834157602295
false,4,8.4257812759443
true,4,13.1472970528024
false,7,12.1121913003433
true,3,7.70256597866514
false,6,12.8892759858579
false,6,7.99209461891437
false,6,8.65756391426816
false,7,7.62669049892394
false,5,7.87103783682433
true,3,9.19399380654364
true,5,8.33260238636378
false,6,8.67686385980633
false,7,8.89766766705407
true,4,6.06428817132268
false,7,6.839234413667
false,5,7.21847746973952
false,5,8.03429703311155
false,4,8.54734730038691
false,6,7.40451938522751
false,8,11.4518497732911
false,5,11.715613236712
true,4,12.5056895938054
false,6,8.36325466502821
true,9,12.4220627629714
true,7,8.18912059676973
true,5,11.7881399153444
true,8,8.51578786938536
false,7,12.8024012716319
false,6,12.2136542809891
true,3,9.66094245665263
false,5,10.7426606088842
true,7,6.65986700598903
true,3,13.5541499735543
true,5,7.29282460512618
false,4,7.4503192448549
false,5,5.9952007734993
true,6,8.75571565017561
true,6,7.94233500195214
true,6,8.25139956012083
true,6,12.0524573934051
false,8,7.17408219823371
false,5,7.64025545821435
false,6,11.1655509271552
false,5,13.1349627158531
false,9,6.28663772382699
true,4,7.55489654189546
false,8,7.49809859700317
false,5,7.92405441707434
true,6,11.9171361295064
true,5,7.41528928524331
false,7,8.80559569044534
false,6,8.4022400606807
false,7,7.36568882831579
true,7,12.970172223189
true,4,7.85110507540518
true,5,8.09809000327729
false,8,11.4100858812651
true,6,14.339376039154
true,4,11.8193563468852
true,5,5.97885753854849
false,6,7.49784678060605
false,6,6.68302973041628
true,5,11.9572940234698
false,8,8.81266248310577
false,7,8.96786188177642
true,6,7.70848376839822
false,6,11.8515054997649
false,4,11.4002537712034
false,7,10.3745632404523
false,5,9.21277852469527
true,6,11.3939312980793
false,5,8.74107171744453
false,6,13.0154544884122
true,8,12.1936522513906
false,5,7.22900897451963
true,5,10.1405348593113
false,6,8.21678385979581
false,6,7.81954901015665
true,7,8.61804761894069
false,7,7.50183066904525
true,3,13.2837160654212
true,6,8.43653774439836
false,5,8.71274955280101
false,5,10.6451837883561
true,6,10.821625513178
false,7,12.1202452916166
true,7,12.4911335809442
false,4,7.62515666008176
false,6,12.1283040409546
true,4,8.56025843871499
true,7,7.29310321308912
true,2,7.55006582503401
true,5,10.9766838197226
true,6,8.24184928282813
true,8,8.07361509690939
true,7,11.7530141751592
true,4,7.95391890981044
true,9,9.9184343784977
true,7,7.70486163552035
false,3,7.133908385831
true,6,8.79541630236942
false,5,7.71079751319685
true,4,7.87791453923172
true,7,8.88551054237711
true,1,7.32353483310632
false,5,8.6896547082484
false,6,7.41912172639965
true,3,7.84823611507079
true,7,10.3134686906899
false,5,14.4406918867569
true,6,9.21793356004643
true,3,10.6761803721523
false,8,10.394585567203
false,6,13.3016175145409
false,7,8.09651533330492
true,7,10.9071570629963
true,6,11.3151287108718
false,8,6.6972290914233
false,6,11.7334490243244
false,7,11.8559950776026
false,7,12.0866334550146
false,6,8.32427282621509
false,4,7.57508103643438
false,5,8.82717555269338
true,6,6.65741332419165
false,4,8.70783769105197
true,4,12.0061437372972
false,7,8.19936906759006
false,2,12.0454829657093
false,8,12.9732623332848
true,5,7.65717837848997
true,9,8.0751696115608
true,7,8.07504208783049
true,6,13.1092942275498
false,8,6.86754281775435
true,4,8.41845577633854
false,8,6.89197066357942
true,3,7.87141731344895
false,5,11.5659312642822
true,5,8.26281265204995
false,6,7.14841845074295
false,3,7.42900060143932
false,5,12.006521238012
true,6,8.43882484254474
false,6,13.2618367256432
true,4,11.6351697980335
true,3,7.60991099693275
true,6,7.82735910270828
false,5,7.50142916656314
false,7,11.5959136526026
false,5,14.5853921742495
false,4,8.67993350968855
false,6,10.646744542087
true,6,6.98550284997474
false,7,8.26997741734267
true,6,12.638864225222
false,5,10.1046273800551
true,3,7.69438330240332
true,5,7.23248465709768
true,6,9.19134515255766
false,6,12.5271521263615
true,4,8.16654950468321
true,9,9.97224988220337
true,3,7.60305283112799
true,8,12.4826978560173
false,4,8.19091637157834
false,5,7.89916657350786
true,8,9.19434458355875
false,6,10.0868920758035
false,4,9.10396917223192
false,7,8.25533901891982
true,6,9.30937599062273
false,7,7.38840134659046
false,6,8.582263486227
true,7,8.01663577518971
true,6,8.10564439638416
true,4,8.68751301412466
true,7,6.96517186204643
false,7,7.24035610408722
false,3,9.61266898129521
true,7,12.2545132765138
true,5,11.8840639021058
false,4,6.56475810367323
false,6,14.0116133365389
false,4,10.2936369047913
false,7,7.72571579401302
true,4,10.4143053447102
true,4,8.43234290615416
true,5,11.6175800111932
false,6,13.9567422379795
true,5,12.3862929477813
true,7,6.83729160823891
false,5,12.2536382852915
false,5,8.29504599755344
true,3,7.7351600908532
true,6,8.20062720034655
true,4,8.47423521362692
false,7,11.2376822605098
true,8,13.617504827776
false,6,8.8681202499864
true,7,6.81166322282409
false,4,9.41420948933819
false,5,7.57978479405083
true,4,6.99085926369021
true,6,8.99885980585756
true,6,12.8962690311558
false,3,8.31364035436112
true,7,7.08464611130812
true,7,11.5692863460805
true,8,8.39683658014757
true,5,8.01252367490001
false,8,7.3928991772313
false,8,6.39146339727999
true,8,7.75224700717297
true,7,11.5362885489721
true,6,7.3307390126834
true,6,6.39207718424257
true,6,8.06802903980284
true,7,12.2847851520697
true,8,8.44701843265809
false,5,8.11914651897681
false,6,11.496470800165
false,6,8.84571103364167
true,5,12.0790070856952
false,2,7.30606810855928
false,7,8.57222191491385
true,6,8.25069793483461
false,9,7.50777825570769
false,5,7.82471468191363
false,4,11.8122806718844
true,7,13.4097457254335
true,5,8.57399434393512
true,6,12.2851442982072
true,4,13.2361422428013
true,6,8.66165948115771
true,4,12.0285197416106
true,5,11.8171277108674
false,4,7.19115361524049
true,6,7.01430622761069
false,4,11.2246992920181
false,4,11.046644793361
true,5,7.99896096547563
true,3,7.11479695527965
true,5,7.14221904041003
true,4,8.6162021866762
false,8,10.0072204892504
true,3,11.6728520935613
false,6,5.69762611916289
true,8,8.46589480587727
false,4,8.08974615405014
false,5,8.24061729910705
false,5,9.13791652366701
true,6,11.6395497397059
false,2,7.36692420222868
false,8,13.0619475445014
true,2,9.94423428316999
false,6,7.47285593603761
true,5,7.2930973688721
false,5,12.4663725112019
false,7,8.02375900310354
false,4,8.35003093329201
true,4,6.90776373691424
false,6,11.6710800751893
true,2,8.36157624044045
true,6,8.57199893804407
false,7,9.86381497922787
false,3,10.2402725450606
false,2,8.84592630724939
false,4,7.46137658733039
false,4,7.86169591808806
false,7,11.9248431976512
true,8,12.9336209974056
false,8,7.1072437322105
true,7,6.90959762668166
true,8,10.9415079385873
true,5,8.23248211199279
false,7,8.79781883049072
false,8,11.7644075656416
false,6,6.97844694638033
true,7,10.49135929128
true,6,10.5457109309001
false,7,8.40637113822179
true,6,9.10561810392786
false,3,12.088452421064
true,4,11.3715094949516
true,2,13.7587282146094
true,5,8.47847505836243
false,6,8.33542170701193
false,8,6.75304587172894
true,8,9.99650904868018
true,4,6.8976819721162
false,6,7.85893633689441
false,6,7.98545837334103
true,5,7.0738344212265
false,7,6.45068584182912
false,7,8.01904165485456
false,3,6.94340886858631
true,8,7.26823807692172
false,5,8.03652997659935
true,5,7.73070358736493
true,6,7.12111567592462
false,6,8.24491512631685
true,8,8.21996000235655
false,5,13.1695612674299
true,3,6.94374142252776
false,4,13.5952414353025
false,8,12.7094602082247
false,5,12.2267057118586
false,4,13.2112576175966
false,4,11.7921953403785
true,6,13.4932605473377
true,5,6.86828235675929
true,8,7.15696768131272
false,7,8.20426855302136
false,5,7.78394719493745
true,6,10.9920337583133
true,5,7.48518260985936
true,4,7.28080268160546
false,8,12.2961514758602
true,8,7.86845742087633
true,5,7.94524943063334
true,7,9.46495157631925
true,9,8.688945165536
true,2,8.08609202419267
false,5,7.72618056227391
true,6,7.53530076755501
true,4,7.28355341504589
true,3,8.16174209810868
false,4,13.3333591249584
false,6,10.0892082363967
true,8,14.045124092053
false,4,6.77677123859452
true,6,7.60773762632998
true,6,8.77683951732923
false,4,11.5306187465794
true,5,7.86265401885248
false,4,6.88632559700545
false,4,9.20756646192572
true,4,7.77643924468029
false,5,12.7907674560603
false,9,7.89698768578909
true,8,10.7726653074102
true,9,7.84048288395108
false,5,8.36070925178094
true,5,5.90912984182351
false,5,8.19264439997302
false,7,8.8808336861716
true,3,7.73745746839375
true,6,10.6481878262229
false,7,7.13395376612001
true,6,13.3658619319095
true,6,9.8054845263864
false,5,7.21407996063197
true,4,12.0067525464187
false,7,7.40007940274
false,8,12.3132084933758
false,5,6.52036050455684
false,6,7.79675815690153
false,8,7.96010383230115
true,4,8.0805594677291
false,5,6.75757350584298
true,5,7.31964450982427
true,6,8.86649649437117
false,7,12.6852393635098
false,6,13.704732372288
true,4,7.10672372160561
true,4,8.55400802163368
false,5,8.36280556391792
false,4,11.8185583734102
true,5,13.0200243410412
false,4,11.6822754077694
true,6,7.61107366915826
true,7,13.8048410083144
true,5,7.89280507179523
true,4,9.39565360696036
false,6,12.6654926985463
true,3,11.8552411996758
true,5,12.4591236613489
true,7,11.9614901949831
true,5,8.79869358112428
false,4,8.71912371410789
false,7,7.64538911713002
true,5,10.9811554474907
true,9,7.25743166061424
false,3,6.27649512697184
true,7,12.1739471628535
false,6,10.6130108911359
true,5,7.86922664448497
true,3,12.334179000795
true,3,10.1637089903694
true,8,9.81614240771088
true,7,13.0057189737325
false,6,6.98990513090975
true,5,11.6410392463414
false,5,11.3157861009656
true,6,7.53937005847047
false,4,11.5691565426341
true,5,7.96423611624335
false,6,8.34810714268425
true,6,9.43146040502439
true,6,9.67308330548365
false,6,14.3413689633005
false,7,7.83442004379136
false,5,7.62466228786873
true,3,7.70518761487193
false,4,11.5031293752662
false,4,11.0875104924904
false,6,7.03206164227324
false,7,7.57713627968907
false,5,12.4979639462702
true,7,8.72303800411657
false,5,7.26852680765765
true,8,7.72491768238057
false,5,11.7373546023632
true,6,6.75273243029677
true,6,7.34957203710125
false,4,8.9231934652429
false,7,12.7312987156485
false,7,7.68187177975808
false,3,11.3501671758217
false,4,14.2835534195726
false,8,6.93507436506248
false,4,10.2183228401709
true,5,11.6940919447212
false,7,9.47011437692033
true,5,7.96691952503635
false,6,11.18363333603
true,4,8.1467551262205
false,7,7.89262080694262
false,8,11.4476629848417
false,5,11.720307150354
false,4,10.780921348534
true,5,8.60315814178971
false,7,13.0208053184817
true,6,10.4489351167158
true,5,7.51373517441618
false,4,11.8645291455106
true,1,7.58220086384975
true,7,13.1961493671607
true,5,7.9556012423931
false,6,9.77502220426971
true,6,8.52464118101896
false,2,7.71886103148679
true,3,13.4268202943028
false,8,8.36087504113041
false,4,8.49743980785478
false,4,12.0309018935112
false,4,7.54945748605072
true,6,8.73482157943313
true,4,6.6270852224083
true,3,8.82387354880093
false,8,8.19801887193337
true,7,7.8681041260633
false,5,10.7055048517012
false,9,8.1869011102888
false,5,12.968518587447
true,4,6.15973675174298
true,4,13.1186784175624
false,7,7.16706465722829
true,4,8.04362963182108
false,4,8.28989364923275
false,5,8.0068649610062
true,7,7.72780108386334
true,7,10.754803738715
false,6,6.97234175968284
true,4,12.5502898920864
true,3,9.06716178981785
true,5,9.06656480616033
false,4,9.24715842105948
true,6,12.4704089051311
true,5,9.02274152468683
true,3,8.45617014285751
true,3,8.33361021271715
false,6,11.0893295730278
false,8,9.73610214584288
true,5,13.3829721615023
false,5,8.27694715960164
false,4,7.01924805806512
false,7,8.10015695943166
false,7,7.86542980056215
false,5,13.0676264502774
true,5,8.40614143784726
false,5,8.01468039320367
false,7,8.84244154204461
true,6,10.8287076656206
true,5,7.78810618316553
true,6,7.38935397103711
false,5,12.3657428812147
false,6,12.7363592848871
true,4,7.84076114335564
true,5,12.1189337345313
false,6,12.3700582652396
false,7,6.55861965696024
true,4,7.07426000337224
false,6,7.65119883426691
true,7,8.62446028443608
false,5,7.34415198230029
true,4,6.99989882571143
false,7,12.3780649617219
true,5,7.19153078633356
true,4,11.9310103678188
false,5,12.9878057389636
false,4,10.9737063295271
true,4,8.38581596385497
true,4,7.71242469564663
false,6,7.45401250172617
false,6,7.34524144750007
true,5,7.88841805704361
false,6,10.3598854681236
true,4,7.55635115131808
false,4,7.82178908102548
false,7,9.88252858134526
true,7,9.1465326502261
false,7,13.8166839966624
true,8,9.11346562835217
true,4,13.231950440186
true,8,6.21222409493044
true,5,13.0496349656194
false,7,12.4209216017975
false,9,7.99331132002767
false,6,8.93744278806663
true,6,8.86765753510192
true,6,8.25864888375511
false,5,7.0388457129746
true,6,8.08681321199589
true,9,8.50654646355887
false,4,12.4826443840394
true,4,7.23126830939121
false,6,12.5132124746362
false,3,14.230214417535
true,6,7.38596838321387
false,6,12.0037855359586
false,6,11.8057891287896
false,7,7.98101016043948
false,7,8.21941812881466
true,5,14.1683363281388
true,8,11.9029164232548
true,5,8.46159134776499
true,4,8.79594214834599
true,5,12.8316467786693
false,5,8.78527117778857
true,7,12.9176425669669
true,7,12.681296565933
false,5,7.73666318600433
false,8,7.75844311204165
true,2,12.9154302841533
true,6,8.06936652244914
true,4,7.8317983468164
false,7,11.7607405601999
false,5,7.77710922632102
false,4,9.53708435322262
true,4,11.7464713455394
false,6,12.3203625758009
false,8,7.96010491939538
false,7,12.3509379247235
false,8,11.6022361756072
true,6,8.27683244107522
true,5,8.54786461365036
false,4,6.86594410227463
false,6,12.4021127177421
true,6,7.96069591607109
true,4,8.22432370530881
true,1,7.58356134937211
false,7,13.9777699507682
false,4,12.1155980726923
true,5,7.57318919956075
false,5,7.4553453710029
false,8,7.78320435109804
false,8,7.10356169815445
false,4,6.70559752289949
true,6,11.9228469249225
false,5,11.8403714266548
false,7,7.1012330865618
false,6,11.9061319398734
true,9,8.45387383558527
true,8,12.6906800264721
true,8,13.8840531757933
true,10,10.6250747826452
true,7,6.97859175878129
false,6,8.92071142957382
true,5,7.64340419978367
true,8,7.24153993052767
false,6,9.07636270996186
true,4,7.8817791424324
false,5,13.4175610024413
false,5,9.40713711165436
true,5,8.54430578275286
false,6,6.89985926429327
true,5,8.24888426004222
true,8,13.4745801354952
false,6,7.9954187351809
false,7,11.5005909910277
true,5,6.91216248655198
true,4,7.68042641719685
true,7,7.34151642625815
false,5,11.403180967048
true,4,7.36898676281033
false,7,7.32952722348144
false,6,7.20773326496679
false,8,13.2553633426179
false,5,6.84218425942806
true,7,12.4255360483483
false,6,10.3508170341054
false,5,7.7197018607457
false,6,7.70915746957903
false,5,7.73624962067223
false,5,9.08774462675987
false,4,8.74983224212873
true,6,12.1339252912956
true,8,11.8531130269584
false,7,8.17577577767246
false,7,8.43292219050823
true,6,6.71898169883735
true,3,8.50135290350761
false,5,7.37423368283285
false,5,7.21273588215703
false,5,9.46429043507647
false,4,7.28737504385953
false,8,8.48563213468494
false,6,8.26044955316492
true,8,13.6978471111455
false,3,12.1525644449611
true,5,12.7426593781283
false,7,7.58490277389666
false,6,10.4597192389179
true,3,12.9744889140946
true,6,6.54061098727013
true,4,7.84558574395771
true,11,9.11169788968365
false,5,7.51193310898372
false,7,8.57119368995909
false,5,7.70092169339072
false,3,12.5765782385565
true,8,12.2779236231807
true,7,9.19921176819351
true,7,7.90434710531115
false,4,7.8175767094291
true,6,10.9428504950809
false,6,8.12334356534474
true,5,12.2770252305408
false,5,11.2034092826954
true,7,6.45859943536604
true,6,7.23502776968735
true,5,7.66739663666991
true,4,7.84207640356319
false,5,8.19772966861693
true,7,7.77365363370097
true,5,7.34352395559218
false,10,7.18694255865486
false,5,6.81172342333881
true,3,8.9127034539472
true,3,11.4554626240024
false,8,8.94515347560184
true,6,7.83097038880414
false,6,7.79693990180352
true,6,11.2422898115168
true,5,12.116961606628
true,4,6.98424812360132
false,8,10.775288656581
false,8,11.8692820398427
true,8,12.3140748611175
true,6,9.88541318077534
true,7,7.52400608663089
false,5,7.54007995949084
false,7,12.3603697538859
false,6,11.0606382904704
false,1,5.86427025026031
false,5,11.6337743832056
true,5,10.0353737140871
false,6,7.79019304821682
true,7,11.784750497916
false,6,8.17149188339755
true,5,6.30841203287212
true,6,9.08572226909935
true,5,9.15603437426634
false,2,11.7481371115876
false,2,7.73107816231976
true,8,8.05302667151251
true,7,7.83627204738695
false,7,8.65217600965572
true,5,8.09997829305674
false,6,10.8096303725434
true,8,11.6987700857932
true,8,12.9047055669557
true,5,7.39503712526266
false,8,8.37172299006493
false,6,8.22647773902388
true,4,8.48151372445251
false,7,7.34998906004816
true,7,10.612860220663
true,8,9.02631553168755
true,5,7.75334077497125
true,4,12.9446299876438
true,6,11.3783827756086
false,4,8.2272969063399
true,5,8.18315113771847
true,5,10.2642193927926
false,9,12.2023155873884
false,6,7.00341322991893
true,6,6.25677909764256
true,7,12.9899728612868
true,6,6.83564137076734
false,7,7.83750527247306
true,5,7.29675215550099
true,5,12.2889097891292
true,9,6.83282099814224
false,7,13.3632976756338
false,5,7.86086259900254
true,6,8.33565894666148
false,7,6.62557331252855
true,8,12.419896896545
true,5,6.42976660518293
true,8,12.9068209337884
true,5,8.10061809343807
false,6,11.115979429587
true,4,7.49043906270138
true,9,12.8965086567298
false,8,8.74578626167199
false,5,9.37949929729449
false,6,8.02068623732596
true,8,7.47417547365662
true,7,9.23320195537815
true,5,7.11372153952122
true,4,7.91439925869741
true,7,12.4630434649747
true,4,8.52692393114154
true,3,12.3112014124287
true,7,8.84615927850769
false,3,7.70497592243475
false,7,7.29266434355086
true,9,12.6286973238521
false,7,7.77135606045776
true,5,11.3714430247433
false,10,11.9908949355058
true,8,8.31046695947322
true,3,7.83531605103748
false,5,11.9176671040158
true,6,9.11193311208513
false,3,6.40721585276909
false,7,8.18682720696802
false,5,10.7477305154475
false,4,11.4192926042588
false,3,7.24445920578403
false,3,7.669555180112
false,6,12.3827236617882
true,6,8.48856979810788
true,7,7.68830824226376
false,7,7.29244731907856
true,5,9.30109389991489
false,8,8.08264651856406
true,7,11.3804700629623
true,7,8.09766239846876
true,6,7.1759812175723
false,4,7.79180410757303
false,8,7.8583036156374
true,6,11.4055737666354
false,5,13.2147370488057
true,4,13.2155326907769
false,5,8.17503335736971
true,5,11.4330146181432
true,4,8.14047752773753
false,6,8.12700072416318
true,6,6.60521157324136
true,7,9.33425030221351
true,5,11.2219884991402
false,7,8.75020544437952
false,6,7.89958104925725
false,7,10.8742594975605
true,5,6.67230947628032
false,5,11.7013847444988
true,7,13.3039885152611
false,5,7.79886080436857
true,7,11.1463914567809
true,4,10.144647853827
true,7,10.6829161694667
false,8,11.4653297378839
true,7,11.7390796803672
true,4,12.3167330792824
true,5,14.8292343397303
true,7,7.72376397674224
false,5,8.59782219835442
true,7,7.49501103923343
false,8,7.63539741796868
true,5,8.95005753728084
false,3,11.6369678212055
false,3,9.98623979593362
true,6,8.78826005931579
false,6,12.4174709227102
false,5,12.8686279766783
