true,5,12.1370744491983
false,8,11.1545404932853
true,7,12.2302544298608
true,5,9.08889365804939
true,7,8.42338118713395
false,7,5.3220689428449
false,5,5.69766647369622
true,7,7.53781239979129
true,6,5.0450576654204
false,7,6.82122381761798
false,5,7.46425503883481
false,4,10.6888607455847
false,9,7.79298008508092
false,4,13.1717219187692
false,5,8.0641405326559
true,6,10.8297485270206
true,6,7.59520873464269
true,5,8.30639156138492
true,7,14.0168408910748
false,6,10.6445988739329
true,8,9.85089903748514
true,6,7.38289777852333
false,9,12.7341855358196
false,7,12.2852439204889
false,7,11.5567167446276
true,5,11.9149333914436
false,2,7.72982666024113
true,4,8.10556258474016
false,5,10.262605215974
true,5,11.2250650646941
true,5,7.26296312346057
false,5,14.2894312805049
false,6,10.0456747018925
false,6,14.8307996625221
false,5,11.0405097762964
true,5,7.23334510247939
false,5,6.59200156695501
true,5,7.18511427308298
true,8,8.97580704636202
false,7,10.5201354039646
true,7,12.4938464404545
false,5,10.4068244653745
true,4,7.5954939810366
false,5,7.61114777349646
true,3,5.26103868181638
true,5,7.43373202481361
true,6,13.7823620214505
false,5,7.10250929341378
true,7,7.65505974141367
true,4,6.87010644968224
false,6,10.8034797730658
true,7,10.6056923480101
false,2,13.8633404679514
true,6,11.7948119790609
false,6,5.92059252646963
true,5,9.74695337423351
true,4,13.421823494249
true,5,14.9464790461552
true,4,12.5336454502051
true,9,11.5099163324737
true,6,12.5937108193871
true,6,12.5935724257393
true,4,12.2766757206006
true,4,8.82146113750963
true,4,14.5597292309407
true,7,8.17629229511319
false,5,5.63596274725067
false,4,7.96364895934206
false,4,7.12398884603127
false,6,5.823572133735
false,7,9.23052366362404
false,3,5.40287116511821
false,4,14.3320530518062
false,5,8.48948219066868
false,5,13.1522209702617
false,6,14.445543108894
true,2,14.78887233427
true,4,10.1158144658816
true,4,12.016981942231
false,5,9.11576142337249
false,10,13.1340399067763
true,5,5.62009407038583
false,3,5.44327954688497
false,5,8.38527546985024
false,2,5.41436199518676
false,6,11.6587393122337
false,6,5.418867516112
true,9,13.2523312596149
false,4,13.902983839611
false,6,6.28633310562139
false,6,8.8129901450137
false,6,6.64699105758311
false,4,9.65293735966119
false,5,12.4673592506716
false,5,12.9278931213608
false,5,14.9017425514985
true,6,13.1316172815572
true,8,13.7755013803102
false,3,8.05288707933905
true,9,12.0862149234865
false,5,6.79054598112143
true,5,10.8114897656669
false,5,14.9799889841658
true,4,6.82426431123717
true,6,12.6410513228415
false,7,10.3933853115061
true,7,11.2751078329872
false,6,10.3666349808412
true,6,13.6440595455825
true,5,6.47651795435895
false,5,9.95954957674677
false,6,8.29878573192588
true,4,7.92227380748266
true,4,8.41066073039107
false,8,13.3773449624806
false,8,11.9663934525597
true,6,12.1430695824129
false,8,8.88417695430882
true,7,8.39987584588136
true,8,7.89376662226544
true,3,7.75020148255969
true,4,7.38510002441902
false,5,9.06213365651433
false,9,5.83043244396837
false,5,12.0120505255046
true,5,7.57630930959942
false,6,10.7514023422403
false,5,6.85747050469304
true,6,10.5630576060911
true,7,13.2519469555465
false,7,6.30670253089529
true,9,6.00614765751826
false,4,7.05570409010103
false,7,14.9322355555278
true,4,7.31799214580954
true,7,7.31532684466788
true,6,5.64157362300333
true,5,13.6204837724311
false,5,10.745692683792
true,3,10.022445220464
true,7,5.37640818280504
true,8,10.0537010720541
false,8,14.6097402508157
false,6,12.4192425888106
false,8,11.3282520656579
true,2,5.50698111664631
false,4,13.7261857868837
true,4,6.23505333282862
true,4,14.0914828249743
true,7,5.95427637235962
false,7,7.7514496726441
false,2,9.24021703080683
true,5,10.3684022379874
true,3,5.1518971606321
false,5,9.32879014448528
true,8,14.4069144934857
false,6,6.7421328127111
false,4,14.1423332437559
true,4,9.81368232251588
false,6,10.0575187168006
false,7,14.6434515060491
false,8,9.41041403185265
true,6,14.8050459115333
true,5,5.38488929359453
false,3,5.16259212702214
false,5,8.946178622787
true,6,6.23585834538334
true,7,7.9915067887381
false,6,6.08544528814001
true,6,11.0547948213712
false,5,11.3175965331149
true,5,13.5240543467651
true,6,13.1399528073001
true,4,13.3788991622007
false,0,7.51013514301889
false,4,12.6979689472889
true,8,7.7768283103866
true,7,11.6443596044871
false,4,9.50364891509375
false,5,11.4978461124168
false,3,8.85159205949896
false,5,9.50912571297016
false,6,7.76745621650202
false,5,9.60155793729
true,8,10.4932739864609
true,4,12.0679540368717
true,6,10.6392139563142
true,6,6.89658363302742
true,6,10.5962221146011
false,7,7.91254618910713
true,5,5.56597073551527
false,5,6.5007089160307
false,4,8.7995781534737
false,5,5.68095067054996
true,6,10.3804622511982
false,5,10.9674626877357
true,5,10.250123697304
true,4,14.2176276607797
false,4,12.2494271653469
true,6,7.3748501464294
false,2,14.2725913080463
true,5,10.7274557017041
true,6,5.1423847482471
true,5,8.02946470716157
true,5,9.63814837602803
false,8,9.22886386266232
false,5,11.10173276029
false,5,11.99097161257
false,6,12.6432305543965
true,4,11.6322897339797
true,5,11.6228628866576
true,5,10.0992417450073
false,5,9.63146103222065
false,5,13.3173047468824
false,5,6.19870336086009
true,6,10.1271024966374
true,5,6.63573451890912
true,5,10.1962646778018
false,4,9.89308384391694
true,5,8.09610662693368
false,6,13.3084332032561
true,5,14.3407432491392
true,7,12.3967532109203
false,5,13.1743676358162
true,6,10.4816007894144
true,4,9.80966432064266
false,7,9.71725289684985
true,8,12.4517788403086
true,2,7.99121361456099
true,8,11.5441409920665
true,8,7.44062195354336
false,4,8.56066918639022
true,6,14.3964009759234
false,8,7.12157547222285
false,6,12.2267233411538
true,8,13.1256048945781
true,5,9.35951766828156
true,7,14.7394600461237
false,4,14.9648780980453
false,3,6.25718682735704
false,5,5.95899798014019
true,5,13.6497108805275
false,4,9.25482161541422
false,5,13.9654009174047
false,1,11.2911518392328
false,8,10.4681975272912
false,6,11.8707164205933
true,6,10.4837419433746
true,6,14.4837158464732
false,4,5.24613645811928
false,6,9.32450487238503
false,2,5.04663572306068
false,9,9.31732052042121
true,4,9.14609724197171
false,5,9.06788547995655
true,5,14.9333165956903
true,4,13.3321710275671
true,3,6.96948564921421
false,4,12.5493324545304
false,5,14.8299525921686
false,6,14.5130795025957
true,3,13.6514224567647
true,6,8.99253470156749
true,5,6.09186626588847
false,10,9.18444448399481
false,8,8.05497040382586
true,4,10.7043093058672
true,4,7.50266226355629
true,4,6.08335810928711
false,7,8.07456700306525
true,5,5.76036153191432
true,3,6.89774300956867
false,6,10.2328551165399
false,4,8.62867372011839
false,5,7.12988535035198
false,5,14.6601908595119
true,7,10.0786983372835
true,8,13.432820830299
false,6,6.87599250014184
true,5,5.0061799656817
true,5,12.9404164368326
true,6,14.2349794902586
true,7,12.9695315306187
true,5,7.7378538600002
true,7,7.21241282323996
false,6,7.38676293404117
true,3,14.2448172027523
false,4,10.2430804375102
true,5,13.0551585290496
true,7,12.2948752822467
true,5,14.7949024037943
false,6,7.38280872262583
true,6,7.18290429515181
true,5,5.1277022094351
true,4,6.74557586154458
true,5,7.30904406015874
true,6,9.64995288251846
false,6,8.15573205308425
true,7,9.77373313696834
true,4,8.22895813896545
true,5,14.7653567582074
false,6,9.36083086059553
true,6,9.39316053764596
false,5,11.4019255469664
true,5,14.4872434629882
true,4,7.41953856637485
true,7,9.8152491433041
false,6,5.68142350386131
false,6,7.00898859517822
true,6,9.40916315722789
false,7,9.84739496196535
false,6,14.9008187340514
true,7,5.08626985263087
true,4,12.5359291924072
false,6,6.88231285889453
true,5,5.27087671589568
false,8,5.6746676297045
true,5,6.24745754512578
true,9,13.8809219794318
false,8,6.79045825351213
false,9,8.81162173785685
false,6,5.45400557191543
false,5,9.44897227129
false,5,8.78995136382365
true,5,8.2811331360542
false,9,13.3790213460718
false,3,14.7163072512001
true,8,10.0979296106632
false,2,6.8758745621323
true,7,14.8223098269765
true,5,10.003014680552
false,3,6.91574298775772
true,7,8.65186439688911
true,5,13.6485028979597
false,7,5.24229174425763
false,4,8.57236227979557
false,5,9.83459565617108
false,6,6.56038268721082
false,8,8.25207893379524
false,6,14.7943427936484
true,6,12.5729823275204
true,6,13.5561704024495
false,6,8.22686854589049
false,3,8.63877207538017
true,5,7.44025702383987
false,7,14.8955522065262
true,7,7.28931557355346
false,3,9.6484436395279
false,7,13.2468578873239
false,4,6.46747584920739
true,5,6.62715313401273
false,5,8.39527204095117
false,4,9.27627861043574
true,5,7.97605158701471
true,6,14.4188049378919
false,7,14.3041278898504
false,7,14.9133271260888
false,5,5.5959858773808
true,8,8.11356911447068
false,3,6.10099882047496
false,6,7.70469985195799
true,6,14.7187880694241
false,4,13.8070174785123
false,8,7.18814730498498
true,5,14.4076170134592
false,7,7.92442867776613
true,7,11.2417310407208
true,5,6.43923549145447
false,3,12.2864141517081
true,4,13.3114191158822
true,3,10.4377495965079
true,6,14.115753479277
true,5,12.9968471481138
true,7,14.0880477225667
true,6,9.21894446277505
true,5,10.2569198721907
true,7,12.2286055628082
true,7,5.80297689946832
false,5,6.34247104354227
true,7,8.38704946631126
true,6,11.0824824760768
false,8,10.0606403152307
false,8,11.8525402601227
false,6,5.4011754164834
false,6,13.1879333965223
true,5,6.60051934315929
false,5,12.6409329141053
true,5,5.66858951343289
false,4,14.2311664968511
true,6,5.9396323911905
true,7,8.66050369049005
false,5,9.23138648234877
false,5,13.4482821095234
true,7,7.14385681687877
false,7,12.0824196452489
false,6,12.8556627948795
false,6,14.7506214607205
true,7,6.031497944464
true,8,9.23262359870425
false,7,14.517296882857
true,4,8.64659786936394
false,5,5.84285678565748
false,4,12.3634980246031
false,3,14.9369073082249
false,5,11.0311947894828
false,7,7.51286819151905
true,7,10.3998934296206
true,5,10.1896994246523
true,8,13.7585756610229
false,5,9.15466176925971
false,6,7.06829903060069
true,6,14.103126930179
false,5,14.2549833706218
true,5,14.7279881849427
true,8,10.0199848811814
false,5,12.6455280735105
true,8,7.85902451285996
true,3,13.3986187655874
false,6,9.00168244524598
false,5,12.7998743738584
false,2,10.2849643004442
true,8,10.5659182308464
false,7,7.20953753138667
false,6,11.3395584640761
false,5,9.64369212895068
true,3,6.19913981771759
true,6,5.66024807331203
false,4,10.8457670347935
false,4,6.99840478087628
false,5,11.3647502046788
true,6,10.5077669482535
true,8,11.1898843219027
false,5,11.5718218375474
true,7,6.82664269746853
false,4,14.7419201337306
false,9,10.2324023939778
false,6,12.6986108274109
true,5,11.917101488681
true,6,9.37144916378388
false,6,10.6678419085617
false,7,11.2020944503219
true,3,7.44401019301141
false,5,6.91148238919324
false,7,10.0692814311499
true,3,13.8728018973731
true,5,9.55884529709435
false,3,9.97787164851025
false,7,13.721762461364
false,7,12.1253404724806
false,3,14.4383601085216
true,7,9.98941498557802
false,5,6.34477939869159
true,6,12.0312840360013
false,6,11.4342177616291
false,7,9.22510928597136
false,4,13.0821481753008
false,6,13.6347877910541
true,4,6.01671626408556
true,5,10.2859918828327
true,8,9.8248316753237
true,6,6.8453968217655
true,8,14.5555949316104
false,5,8.18407134733455
true,7,7.38660215990258
false,4,13.6483633577895
false,8,10.8798832454813
false,5,7.52408179619011
false,6,12.4211173767118
false,7,14.9875365879954
true,7,14.7890510239869
true,4,14.9483857828829
true,6,10.9433915609622
true,4,9.01994630536199
true,8,13.3353090734675
true,5,6.59055662709496
false,6,7.83373081099123
false,5,8.64721254521162
false,7,12.1417246370201
false,7,12.4682251034862
false,4,5.07762353541482
false,6,11.2227367059906
true,7,6.93995414873132
false,9,13.7218950990962
false,8,7.56151320913793
true,4,6.36811192265931
false,3,9.15576425312037
false,6,14.1600688226847
true,5,5.13038077947671
false,8,12.6030019482805
true,9,6.65254866198825
false,8,11.599083139707
true,3,11.6746712668838
false,7,6.62388630940682
false,4,14.5480860252435
false,3,8.81522179035472
true,6,11.6479680554948
true,8,14.2614073824601
true,5,14.5263487660739
false,6,11.4223866101436
true,9,7.98569535545032
false,5,7.02754020446273
false,6,12.5582228085818
true,6,13.7356944101519
false,5,12.337757985277
false,8,14.491442862422
false,6,14.0474919613991
false,2,12.3263016301129
true,9,13.6974434993171
false,7,9.83643783809266
false,8,6.38415517853862
true,7,9.42771233364771
true,4,6.48583985759248
true,6,8.5499596973826
false,6,10.2011450509764
true,3,13.6035635061163
true,4,14.9069112098175
true,5,5.82647653607268
true,5,5.61533484175512
true,4,6.01126694080177
true,6,9.48537580822765
false,6,11.7212829595799
false,8,7.38647772027189
true,6,14.8195839652146
true,4,13.3277646295656
true,4,8.18274458783837
false,8,8.2664912195576
false,8,9.31228195511388
true,3,9.4733288169018
true,3,9.5128639866713
false,7,9.94405710838341
true,8,8.57379196531438
true,2,9.12233231592097
false,4,5.71211473043497
true,6,9.47530645159442
true,5,13.0515518677354
true,4,13.6659824341921
false,6,8.20572827536271
false,6,6.37691381737769
false,2,8.07153888349923
false,5,7.32208849804349
true,6,11.8309311597908
false,7,5.45540202692612
false,7,10.2954114781673
false,6,11.2116234733003
false,4,12.2263048651238
true,4,10.106019985673
true,5,8.11748827305971
true,4,11.4242097952137
true,6,5.93729922268561
false,5,8.90977911732053
true,5,10.8142682229806
true,8,13.6388492442635
false,6,13.5078585288307
false,8,6.92978750547445
false,4,11.2658809326537
true,3,14.6425310209741
true,2,12.7401073801505
false,7,5.40070648414475
false,9,9.14779010099712
true,3,11.2177283464229
true,5,9.72798670984371
false,6,7.84574951676957
true,8,9.17735621620425
true,5,14.8938492664925
false,3,12.8118317500075
false,5,5.29815672128523
false,5,5.766501830716
true,9,14.0761217825715
false,5,12.1510617200243
true,9,14.9390496087075
true,5,11.6939596380132
false,4,14.4510312554783
true,9,12.5452644950392
false,6,13.6906469795416
false,3,12.6559131852202
false,6,11.2586576362122
true,4,12.0925347788878
false,3,8.60073719547275
false,5,6.0942364680003
false,6,13.0781931389486
true,7,5.14177965005638
false,8,12.8895406966835
true,11,8.52880629777468
true,9,5.59586157290926
false,7,14.131257422186
false,7,9.93641125783415
true,6,10.6159423238736
false,2,13.7837957617438
true,7,13.210894055724
true,4,13.4104893835445
true,4,5.91865175760019
true,5,7.79779849477646
true,4,12.2305922531638
true,5,11.8552790738596
true,2,12.5955703249831
true,5,8.97795834657969
true,5,11.2795143475051
true,7,10.4030307484581
true,7,13.4012602600761
true,6,11.9209248473971
false,6,9.33229485851552
true,7,9.04283502727153
true,5,14.2746166119727
true,4,5.99971815076141
true,3,12.2172880160906
false,9,11.3647055042857
false,4,6.08636145278284
false,6,14.8186800860724
true,2,9.27534285703756
true,2,5.00005424803495
true,5,7.54277294564477
true,3,9.13214688823619
false,5,14.3079385529277
false,6,11.0710654988318
true,2,11.068725399925
true,7,11.8399145499435
true,4,14.3184117557782
true,7,8.57427134685348
false,6,5.75536854786498
false,4,7.86819719573186
true,6,9.68368293419492
false,5,6.98417460575548
true,3,5.85800443040599
true,6,13.7420408732631
false,5,14.0131745546658
false,7,8.88893784679528
false,6,7.21321570587291
true,4,5.68276212473801
false,2,6.08785335811699
false,5,8.67073154219897
false,7,14.9806118254904
true,8,6.68228073398825
false,6,10.2009454721799
true,4,9.1747801573865
false,2,8.7386749839916
true,5,11.1004131595681
false,5,13.6163926214941
false,5,7.52186485057177
false,7,8.38004209360197
false,6,7.75932862145888
true,4,8.8428265086098
true,6,10.7987307745845
true,4,9.50122960826473
true,6,13.2036707592824
true,5,10.8604931414583
true,7,11.7879734061473
false,7,8.49132847863201
false,8,6.15230345789057
true,5,5.77933037749315
false,3,5.74843247859801
true,4,9.6610151275848
true,3,7.69801970421016
true,2,9.6404389041516
false,7,10.5258397679027
true,3,7.23001861676065
true,5,7.34089695631854
false,5,8.17760730042403
false,8,5.52535244226811
true,4,6.98801213287891
true,7,8.32112687285379
true,6,9.14426650197123
true,5,5.39637603160331
true,6,13.7236034315139
true,6,5.59738801839709
false,8,5.02085671129291
false,6,5.85326891521501
true,9,13.9326699528395
true,7,10.1259350990997
false,7,7.32516721839866
true,5,14.9697807771401
true,5,13.2249904652328
false,5,11.7893236087649
true,4,5.18700595681
false,6,12.9975084631894
false,6,14.0268392239053
false,5,13.8864206963937
true,7,12.484413534274
false,7,7.65580220790683
false,6,7.8743244353633
false,3,7.217977852077
true,5,5.39038607172176
false,6,6.05368895154084
true,7,14.9049002840281
false,7,5.33219758307747
false,6,14.0111849513975
false,7,12.2753688248387
false,7,12.0433103666199
true,2,14.6765742410605
true,5,6.93753824418434
false,5,6.39055473123156
false,6,7.91558256270259
true,4,13.0838168827844
false,8,5.52662942125135
true,3,5.05169192430668
false,5,13.6165306562709
false,9,8.43922718056498
true,6,12.0765958798539
true,5,8.89661829342613
false,4,13.175590751548
false,5,10.0000009298017
true,8,12.856771990091
false,6,13.3668619163156
true,5,13.8286047762752
false,2,5.8110181371363
true,4,7.52491055014853
false,7,12.8731600556032
false,6,7.50379045095865
false,4,11.6443989777455
false,8,11.5004690807807
true,6,8.34506645715022
false,5,9.85795195882779
true,3,5.5145817960757
true,6,12.6524965436881
false,5,14.7715028175852
false,3,7.92351750469052
true,7,8.08335425398889
true,5,5.49294428435845
false,5,13.3841825519949
false,9,6.58767160378291
false,6,7.74695642323749
false,6,8.81142708537836
false,7,14.2575642485623
false,4,8.18117355847387
false,5,5.9273891907256
true,7,12.046974917996
false,6,5.1339502860068
true,7,11.255470891072
true,4,5.12809073606182
false,7,14.3824463437017
true,3,10.5803887468988
false,6,6.80260152009832
true,4,8.58057194440639
true,6,9.48167999314208
false,8,12.8757920423448
false,5,9.36267439876926
false,4,7.02499269218947
true,7,7.22655271204894
false,5,14.0866588504503
false,7,12.8087555697122
false,4,6.13080159935276
true,6,9.76435507743854
false,5,5.39168809243293
false,6,8.16888186383829
true,7,13.5939403238174
true,6,11.534071309187
false,4,7.39377747018538
true,6,5.42409704265484
false,6,5.75659514044944
true,3,12.1296429563994
true,5,10.5259531058405
true,5,7.93905959976502
false,5,13.6938818646423
false,8,7.30172339320171
false,5,10.421411031869
false,7,6.18135054798187
false,4,13.600676278312
false,7,10.1784650614002
true,6,12.8939922891081
true,5,8.76551175592353
false,6,7.38373696770022
true,2,6.61046586808964
false,7,7.36847641845532
true,7,12.263421170827
false,4,5.91285703744033
false,4,6.53524164061039
false,6,6.27015671797989
true,5,11.0343703397169
false,6,14.7781730381265
false,2,10.4016051223744
true,6,5.89130151605953
false,4,5.84957824549844
false,4,6.40775397069139
false,5,5.56820368584118
false,8,5.44964670798865
false,7,12.9840698825822
false,5,8.41251569650392
true,5,11.0814590882825
false,5,9.58870177143976
false,5,9.39478641832183
false,7,9.64597415136915
false,8,14.7113217801352
false,7,10.4916524541811
true,8,7.99991631644566
true,5,8.84926994141971
true,7,7.63410585069231
true,6,8.11018819223934
false,7,6.27162525476317
false,5,14.0617374980563
false,5,11.6872181979215
false,6,10.7634666572406
true,5,11.8479961675726
true,5,9.33402895972415
false,6,10.3139237980853
true,6,10.4177953055705
false,3,14.5218042680464
true,4,7.38865536254172
false,2,8.12973545838918
true,7,7.24880152995646
false,3,12.0514753867655
true,6,10.2566912947657
true,7,11.3608756672518
false,5,5.6473925413116
false,4,10.3564585548583
false,3,11.2311181438984
true,3,9.66915156390058
true,4,6.52408233263212
false,4,13.1184548823596
false,5,6.84485338877155
false,3,12.4388096860701
true,7,12.7703033882612
true,7,7.51199389358793
true,4,5.58253999351891
false,5,8.49198257434473
true,5,14.1210061413377
true,7,7.67388372434826
false,3,11.1202819506918
false,4,14.3700286387929
false,5,8.40692793296581
true,5,13.2802197235313
false,7,13.4265219851543
true,7,14.9989247197434
false,7,11.9741013784438
true,4,8.08373154376356
false,8,14.6396070019171
false,7,9.04477388527024
true,3,11.5170178225576
true,5,11.0952987093894
true,4,10.151876917054
true,7,5.92931097672554
false,5,10.588191223599
true,7,5.27555694167322
true,6,8.82543426188457
true,7,12.5386949214576
true,5,14.1395636603395
false,8,13.2865670209007
false,4,14.0567059423821
true,5,5.12797060288127
false,6,11.7702667093305
false,4,14.1815869143024
false,7,6.10280022161869
false,3,9.99320184666305
false,5,14.4282404027749
true,4,6.61570451554475
true,7,13.9183833464435
true,7,8.24424946721114
true,4,11.2582328776122
true,4,5.83482308893791
false,2,11.1943861935309
false,3,7.73668828478071
true,5,8.39429902091304
true,8,8.02009526053206
false,5,14.7242760622067
true,4,8.97005034320844
true,6,13.6264219383944
true,9,10.2581598315489
false,4,14.3882428255912
true,7,12.5651295343313
true,2,10.7183200897245
true,6,7.17912096218665
true,6,13.1536022781263
true,4,10.430252160026
true,5,7.95935466886409
false,8,5.90831911560451
false,3,6.84339516602957
false,9,12.4875231501465
false,4,13.6880281684866
false,7,8.04531360884464
true,7,9.35388745078855
false,7,5.82721582399549
false,2,8.61864631874941
true,3,10.9850880513691
true,5,7.5925386330209
true,8,9.22680955544668
true,7,12.1701962054711
true,5,8.42609684204977
false,8,5.56453630078359
false,5,10.3511735664576
false,6,9.16681673410332
false,2,11.3881342382645
false,3,12.7880095444414
true,7,10.6749714371782
false,4,14.9023810526417
true,7,7.40796533583175
true,6,12.5364804925958
false,9,7.56087266662543
true,4,5.55274941624985
true,5,14.8568524554594
true,6,13.9137415198464
true,6,8.87418053234902
false,2,13.8997927320927
false,4,6.48435311160931
true,4,9.41111904994009
false,6,9.58392245070238
true,7,6.02076133973461
true,4,10.6740165983759
false,6,7.02662388135746
false,7,13.5126979907289
true,4,14.7737778862985
false,5,6.4236368998555
true,6,9.55768983550778
false,6,8.205695972326
true,6,11.4824041749326
true,2,10.3599470730939
false,5,14.1195105028146
true,3,12.4106795063273
false,7,5.42033333106965
false,7,10.4902432103185
false,5,11.8013226745206
false,6,10.1931017999032
true,7,9.68640023432383
true,9,9.02984596269211
true,7,8.39108950378649
true,4,14.3316543882433
true,4,9.39257995452856
false,6,7.47140754450663
true,6,10.5293396441676
false,4,5.54416603659083
false,4,8.37330715979201
true,1,14.2839910361874
true,3,11.9275504374551
true,5,13.8326442498105
false,6,9.13304062578153
true,5,5.47248362199802
true,7,6.92889162868602
true,8,7.12706991069859
false,5,6.56674570498747
false,6,13.0100847191018
false,5,8.19882491927057
true,6,6.48895631065365
false,5,6.39224966425081
true,8,7.05330684683799
false,8,10.5788642169424
false,4,7.73595653780631
true,2,6.82322110631519
false,6,9.57509027567387
true,4,14.1940357990288
true,4,9.53521068310631
false,4,8.28992336980044
true,4,5.11857768982702
true,6,7.13331603911428
true,9,10.0639747427147
true,6,8.04830648449728
false,5,8.71341642350172
false,8,14.1892488348085
true,4,9.86272347295913
false,4,13.0947321446061
true,7,10.0809331984801
false,8,5.18411919973231
false,6,13.5508223320113
true,5,5.13745365776688
true,5,6.47523454832511
true,7,10.1321675344954
true,3,5.48256355366953
false,6,9.49755499918364
false,3,10.7265141224805
true,6,14.0741238833277
true,7,11.0026972564931
false,7,8.42383214796639
false,5,11.9852172956745
true,9,10.8367105048983
true,6,7.41171714875113
false,8,7.28419499460638
false,10,10.3051430674255
false,8,8.79362883921084
false,5,7.62587009104433
true,7,13.452450282533
false,7,5.64790966953867
false,7,12.5012099854866
true,5,14.818958215638
false,4,8.27884028226113
true,4,5.98690566461974
true,5,12.2557112035737
false,5,8.24750617352348
true,4,12.1434517006316
false,7,6.85635239829897
true,4,10.7771144688717
false,7,5.4124009058383
true,5,6.28470332397283
false,6,12.0676366925102
false,7,9.03380630287578
true,3,11.4872810432906
true,3,12.818742222928
true,5,9.6494711240426
true,6,6.34427935644526
false,4,14.918483652709
false,5,11.9226078491259
true,4,10.0890773668314
false,4,13.239870075406
true,6,11.0981755206179
true,6,10.5024349291294
true,4,8.18411524609416
false,4,6.10415523869842
false,7,11.3061746109092
false,5,9.28333572171202
false,5,14.7230674271464
false,7,7.77255645166677
false,5,12.7446319538551
true,6,14.9212561210742
true,6,11.5561554473226
true,4,11.4117417272094
false,4,12.4395991786259
true,8,12.5811917497768
true,4,5.36662952087763
false,6,10.2647587533086
false,5,14.1520165299304
false,5,9.22099188153473
true,6,6.87743806453038
true,4,8.34058038982118
false,5,7.63397930444316
true,6,14.9508681903921
false,6,13.6544996810479
true,6,9.71077063607878
true,8,11.3576639922395
false,4,7.9441876963572
true,6,14.3508979983909
false,6,9.59444346260644
false,4,12.6361924073471
false,6,8.95364041453869
false,2,8.87661372328515
true,6,10.7047307787017
true,4,8.3561496192601
true,4,7.409508130916
true,5,6.39581116842712
true,4,9.30929999006706
false,4,5.08750173972546
false,7,14.8842189627046
false,5,5.94231329622293
false,6,13.9656389885947
false,8,12.4218528102685
true,7,14.0852644834155
false,6,13.0339510517999
true,7,5.49261332154742
true,7,9.73001641343349
true,8,5.64867166885925
false,3,11.5956756610331
true,3,13.9075578302971
true,4,12.4448894056088
false,3,14.3861809075173
true,7,7.19373136329813
true,5,10.6902684747327
false,4,10.037946488154
true,6,6.74127368056868
false,4,10.5986674745213
true,6,11.1487758670091
true,8,11.8494037848647
false,6,13.4748131467987
false,5,9.74795978324221
false,9,8.35476361811052
true,6,9.93390626010438
false,5,10.1214006680985
false,6,10.137832581103
false,3,8.78376824287491
true,6,11.0374191013475
false,5,5.8442013721794
false,4,8.04836881150782
false,3,10.0228677512684
true,4,11.1781572849082
false,6,11.0587980675938
false,7,10.1700337171416
true,3,14.2692661040091
true,8,8.27145528887029
true,5,7.91326761271891
true,3,10.920196116336
true,3,8.55018335781096
true,6,6.90969384215069
false,6,13.154663063059
false,8,14.9822227594286
false,4,10.7017690269387
false,7,11.3499805721073
false,4,5.43611687165232
false,6,12.1510225937809
true,7,13.2514800366131
false,8,6.75268575479905
true,5,13.1878137853357
false,3,5.65956099410619
true,3,6.60765264224991
true,8,11.812309193178
true,1,10.2485038382013
false,7,12.4613647419856
true,7,6.61415712971008
false,3,10.1290358830209
true,4,12.5890182148957
true,1,9.02450943204885
false,4,7.2932288457285
true,6,8.94020860587098
true,3,9.24295951248348
true,4,9.4566627569832
true,6,8.87859174481257
true,7,12.6017713941347
false,4,6.56558461332322
true,5,7.72217724894738
true,4,6.37886804157349
true,4,9.20892389393411
false,7,7.92593379607231
false,4,7.41158988942095
false,2,7.1174555789936
false,7,10.822546101016
true,6,7.04126082026882
true,5,9.23185872841691
false,7,13.696209258589
true,5,13.4940589241534
true,3,14.0476592930868
true,2,12.0062515827865
true,5,9.49056609201056
false,7,12.9718466111009
true,3,11.8878210812732
true,7,7.02385919163435
true,7,12.8510738527951
true,8,5.17741708163171
false,6,6.43349287281639
true,7,13.2120270948737
false,7,5.92243015026541
true,4,13.5989018623915
false,2,8.54865329099006
true,4,9.13300692454672
false,5,10.6839056107579
true,5,13.8902267174533
true,3,8.61974397416597
true,4,14.6114432887233
false,4,12.6682028664505
true,4,8.69077700963431
true,6,11.0964077181745
false,4,13.1014661695873
true,6,9.77717266234261
false,6,12.7154081594882
true,4,10.7649312557659
false,3,9.03533284623747
true,2,13.82822049551
false,4,10.7690005994732
false,5,13.5435739518959
false,7,10.7865750780172
true,3,9.76382507646765
false,3,6.00942181334286
false,7,13.7666240201799
true,7,8.12156674233999
true,6,11.0828451267174
false,7,5.57554333566771
true,5,14.5354118768216
false,5,9.32285077141089
false,4,12.0538560613811
true,3,7.21187702440762
false,9,11.6070574409714
false,7,8.69395136673936
false,6,11.1610552248768
false,6,8.35502605523279
false,5,6.79252380224046
true,6,7.78143471596524
true,5,5.65304730650254
true,6,13.7943954083089
false,4,11.7291528154463
true,4,8.22869739832353
false,4,7.19557883040851
true,3,7.43128606832885
false,8,11.5651243987497
true,6,9.99820895251318
true,5,7.39042790953737
false,8,5.93896982705796
true,6,7.22185562400234
false,7,11.7766264693056
false,5,7.1996920588935
false,3,7.84526493859421
true,7,8.19710723290761
true,5,7.07484995688034
false,6,6.63531166651911
false,5,10.6483863315825
false,8,8.44097872196455
true,7,14.9144768737058
true,4,14.8337463789949
true,7,5.41986325220856
true,6,13.0516303346126
true,5,10.1011389786487
false,5,14.356283377415
false,6,14.2983617395384
true,7,7.55036393090067
true,4,10.4491025456014
true,4,12.0851881054462
false,7,7.39523305499362
true,3,6.93318764826897
false,3,6.41492331066831
true,4,10.9156610608063
false,4,7.97627324335913
true,9,8.37506224329342
false,4,5.02660179075964
false,5,14.0413163208102
true,7,10.3076532571308
false,3,8.58377295116718
false,6,7.3253157116973
false,4,9.44576595137644
false,6,8.76119177122519
false,4,5.72391553636111
true,5,10.1366520032179
false,5,13.3551562484487
true,4,7.75156211107445
false,4,7.11593541607589
false,6,9.20136782634536
true,6,14.0162383282833
false,4,9.52498418764955
true,5,7.05141640377874
false,4,5.50544559685283
true,5,14.9155158700515
false,4,6.87951546531792
true,5,7.9491568737536
false,3,5.22596075785247
false,6,5.73554177725476
true,2,6.62079054035617
true,6,8.87388255769177
false,6,7.89868562765344
true,3,14.8823906742115
true,8,6.10879855670684
true,7,12.9144893838503
false,4,14.996663391327
true,7,14.0072507155723
false,8,5.79970901689252
true,5,5.85374211205786
true,7,14.2248873523177
false,6,14.4716712320841
false,5,8.16328214570646
true,6,8.03500217285344
false,4,11.3291269461716
true,4,7.05739008397378
true,4,6.10843971382574
false,6,10.4614876258879
true,10,11.0653313113282
true,4,14.6974162526307
true,7,7.90775503495318
false,6,11.7474512669833
false,6,11.5974979698991
true,6,12.175203027021
true,6,13.3504646413386
true,7,11.4343327541013
false,5,7.55298062135514
false,5,5.33659335477337
true,8,6.42051875497463
false,7,6.50087597740007
true,7,9.02892229904682
true,7,5.01989307316401
false,5,8.14187818899944
false,3,14.2925285502882
false,4,12.4133024840125
true,6,6.42654740299755
false,3,5.67786402707224
false,6,7.44439357426912
false,6,8.32974409822808
false,4,10.8481709241582
