false,5,9.0575848751808
false,6,10.7925269205217
true,3,6.30648996352073
false,3,13.4771561095544
true,7,11.9995284626909
false,7,10.5349226157455
false,6,14.5730279644074
true,4,6.02568700151295
true,7,5.45593244930481
false,5,8.67105508782853
false,5,7.00990944355985
false,8,9.0271326217466
false,6,13.9677953014073
false,4,14.2331223949918
true,4,7.08970485654999
false,4,11.8454378976445
false,4,13.2229725199619
false,3,10.9135154979868
true,4,14.953945140064
false,7,11.9797319113673
false,3,10.3580570822185
true,7,9.89891411064306
true,6,14.3369946420233
false,7,14.107437818796
true,6,10.4688804092586
true,6,9.64202331227878
false,6,6.28688080186626
true,5,8.97355153901771
false,8,8.77775744695866
true,4,10.1061840705058
false,6,7.48511847144549
true,3,7.36993566613343
true,5,7.94625056420534
true,6,9.07087339561148
true,6,11.2118433174479
false,7,8.5484036696376
false,8,8.38131633319277
true,5,10.2017243070378
false,5,7.67549321023428
true,7,5.60577162756084
false,6,5.77188752622007
true,5,5.73329113713092
false,9,10.559781440573
false,7,13.1644354777893
false,5,11.4341879663225
false,5,12.8287444498243
true,7,8.08306666429279
true,5,11.5823506489642
false,3,13.1534516151654
false,5,7.30733549922227
true,6,10.6509106022949
false,5,7.56883628031641
false,5,7.36348609887658
false,6,5.42678577955447
false,6,14.0518331674292
true,7,14.1705504662221
true,6,11.4674119801828
false,6,7.21093184640906
true,5,8.00182613303894
false,5,7.3510555831553
false,4,9.24159224662237
false,7,10.5930268581328
false,3,12.2598092562387
true,6,10.3616280804834
false,5,6.17948704912619
false,5,14.6518534791108
false,6,6.0744324902844
false,5,9.89047233853893
false,7,8.01482951028707
false,8,13.5531808885968
false,4,8.4576719971949
true,5,8.0147986456672
false,4,8.23157272049569
false,8,14.3417239452463
false,4,11.2013948178904
false,7,9.61831637783077
false,9,14.3510123717544
false,5,6.16610959697717
true,8,7.66680028521671
true,3,12.6520156611187
true,5,6.55250708072914
false,9,9.71640985458646
true,6,10.8319796255367
true,6,6.46397238047954
true,7,14.4671531698953
false,5,14.9281618928135
false,2,5.000339509774
false,5,7.51301521739403
true,4,10.0309199298667
true,5,12.0531725529101
true,6,12.0928713911392
false,7,6.16393491952686
false,5,7.19344860674204
false,5,5.31798805982214
false,8,11.3760590826228
true,4,10.1907403697716
true,7,8.48536158257663
false,5,5.19170379283277
false,4,11.9784988614062
true,5,11.7942141888961
false,3,11.7478623922831
false,6,13.2044740274382
true,4,8.56107157142026
false,3,14.612150428253
true,8,13.8615432037118
false,4,7.62966238937089
true,8,14.3491432615051
true,5,8.0336418553147
true,7,9.23727066334844
false,6,9.42706722234154
true,6,14.8314177961521
true,5,10.2948528159488
false,6,14.5560112628767
false,6,10.3616901736047
false,6,5.79209893516931
true,6,14.5370620937203
true,6,14.7729269342805
false,7,10.7893873085023
true,3,10.9063546122725
false,4,6.26320485799712
false,6,14.645403911854
false,4,13.5732969745748
true,7,14.8714321103566
true,2,10.9735366590613
true,5,6.45385993020076
false,6,7.28728751041119
true,5,5.81490047166831
true,4,7.90713509341671
true,7,7.95921529536657
false,4,6.00420488086194
true,7,6.12650522799729
false,8,14.1528590116648
false,3,9.19949043725532
false,5,10.884465798005
false,7,5.89770370157875
false,8,8.35991275497528
true,8,6.14888871590934
false,7,11.231708898968
false,4,7.61430887845217
false,6,11.8310412132675
true,5,5.57256906405151
true,5,11.9782378463697
false,4,13.28762425573
true,3,5.59740314026831
false,4,12.2336344584425
false,5,6.79156900793351
true,3,6.6198033583345
true,10,11.8436381348218
true,7,14.5377688263372
false,6,11.8508766905869
false,6,10.4296931371755
false,4,12.7078539757587
false,5,9.29722888224468
true,7,10.7088444361523
true,6,12.1606899787265
false,6,13.1864451193927
true,6,13.344921618766
false,2,12.5994146140433
true,7,13.1518409307954
true,5,11.5678061260437
false,6,6.80831235044573
true,6,11.4355586008315
false,5,5.06797699269128
false,9,8.22661621522965
false,2,8.2941124270874
true,8,5.67210921723038
true,5,6.08891281143663
false,6,8.66509589761487
true,2,9.45753690476906
true,10,12.4440658818784
false,4,13.3817238105541
false,5,8.5347684680557
false,8,8.16862886279325
true,8,14.0871931006893
true,8,5.68418622668876
false,6,7.66071649822742
false,5,5.27922315158794
false,4,14.2675794028314
false,4,13.7517819023032
false,3,14.6741706239516
false,5,5.66103458481984
false,7,8.98314203853093
true,8,8.38124596876388
true,6,11.120218306464
false,4,10.5863914453709
false,8,8.43053095392293
true,5,9.8491805621633
false,6,13.5025257027874
true,5,13.7356555209629
false,5,7.72313828387044
true,4,10.0268708378936
true,7,8.56135380355039
false,6,13.091747669857
true,5,11.0583824540928
true,7,10.016279295565
false,4,9.14889016490434
false,7,11.9038112864216
false,4,10.0545584732435
true,5,12.3151704148653
true,4,11.5550756739552
true,6,5.69620662924002
false,5,12.966587162404
true,5,7.37965166279585
false,4,7.08725337720195
false,2,13.4810325817172
true,4,6.8884751018629
false,4,9.53277554570864
false,6,10.2219154832397
false,7,10.0182086422066
false,4,9.49352391324223
true,7,12.9007724005479
false,2,14.0892219176189
false,7,13.8595124134245
false,4,13.4895500085282
false,5,10.900321973967
false,6,12.8370500135992
true,6,8.04786306481081
false,6,8.95963838791164
false,5,12.6521044715432
true,7,14.8754611748488
true,5,10.8348083567515
false,2,7.59826681033357
false,4,9.94132007833635
true,2,6.72794905364177
false,5,7.41074547672791
true,5,9.81392043974686
false,6,10.4549004998831
false,9,12.1221261103848
true,5,9.06446423786753
true,7,11.5471757634688
true,7,10.7687849134902
false,5,10.2365443800288
true,5,6.9459594207093
true,3,7.19025666109114
true,7,13.9715144274548
true,8,7.7063271241002
false,9,6.59704080847823
false,6,6.28754302430508
false,7,12.6510654264312
false,6,8.69146677625112
true,6,13.9096351098987
true,5,14.639144780608
true,4,8.47786749332395
true,4,9.23568204046382
false,4,9.83424558500693
true,5,10.9495286219591
false,3,9.71372109181029
true,7,14.6140773630132
false,3,5.15161091286896
true,7,12.1911089836501
true,8,6.09457753283669
false,5,7.93772333125306
true,6,12.4143337033847
true,5,12.4515889417008
true,6,5.71381774994693
true,8,13.1098195205908
false,5,8.01881751681082
false,5,5.64525304189723
false,5,14.6883876021584
true,6,8.66066257471349
true,7,11.4454543036642
false,6,12.4225291370082
true,8,6.15100167811535
false,3,13.4829125804222
false,6,13.7366187014364
true,2,7.6577784532622
true,6,12.1368129296528
true,6,11.6628061850765
true,4,14.5299152827578
true,5,8.18754528260998
true,6,11.2335596378641
false,3,6.75387047324888
false,9,11.3204526631648
false,3,8.95418812803518
false,7,5.95937649769332
true,4,11.2075432778279
true,5,14.132279018694
true,5,5.69918847061567
true,4,11.9055831703192
true,8,11.4730965564532
false,9,5.09374978067972
false,4,10.8527028385543
true,6,11.964065630259
true,7,11.8852349559018
false,2,10.4461486633753
false,7,7.82461201498034
false,8,12.8340903783285
false,6,9.50625018069285
true,8,6.46998934388736
false,4,5.85524533960708
false,6,14.6993893089738
false,6,5.94533819932415
false,7,6.61103512383105
true,5,8.98395328446086
false,5,12.2578921742713
false,7,6.4806564056336
false,6,13.4816935352357
false,6,10.0068346145861
false,5,10.5109430407119
false,4,7.17001756448789
false,5,13.8245953939907
true,6,13.0627946084182
true,5,5.07771251299853
true,6,11.9759453319434
true,6,5.95109977852919
true,6,14.3525867612722
false,8,11.6291503697726
false,6,8.45369600809267
false,7,11.4857628767507
false,5,9.51815417380342
true,6,13.9894202035812
true,8,7.3131794789383
true,6,8.75154957326239
true,5,8.20884147844836
true,3,8.56046322677692
true,3,5.58630189785297
true,8,5.4520139394924
true,3,9.27764642389797
true,4,8.03031434979012
true,8,10.9055571191992
false,7,9.83556777661805
false,6,7.62411318170309
true,4,10.1863672739323
false,5,13.6682203758939
false,6,8.5000356753206
false,3,10.2817718712831
true,4,5.13638578216098
false,5,7.33004981144712
true,4,11.7081756554482
true,6,14.4905997937441
true,6,12.7377294442765
true,5,9.11899483685107
true,7,10.2001251315882
false,7,9.72911603857448
true,6,12.6603808641469
true,8,7.04283487394594
false,6,10.768540758299
true,4,14.9994848086871
true,5,10.9276856101157
false,5,11.1054416037875
false,6,11.2073413468921
true,7,9.37394480297901
false,6,13.0323670056266
false,3,11.9637148717683
false,8,6.87770483771025
false,3,12.3797602627786
false,6,12.2056683277461
true,6,13.4140733470671
false,6,5.41704049042709
false,7,11.6651407091615
false,4,6.02219289888435
true,5,9.19759754408092
false,4,6.97007069753912
false,7,14.6172656231971
true,2,12.3463294895542
true,4,11.1940326450307
false,4,7.86997776722903
false,6,6.42137183878905
true,7,8.46946008936591
true,8,10.6812076089305
false,4,14.2097514118544
true,4,9.29265099106864
false,3,11.7574000543288
false,6,12.0070427846909
true,9,11.7923044312113
false,5,9.86397579947329
false,5,12.1249340490345
true,4,14.0343132363723
true,7,10.5603403159858
true,5,6.51117878557413
true,5,9.82964084123839
false,6,5.46389364117678
true,5,13.3618405154666
true,4,11.9367524476871
true,5,14.7100954739914
true,6,5.45517340638219
false,7,9.60362587776091
true,1,13.2345321038484
false,7,11.7840659709268
true,4,11.1321551142264
true,4,13.0879832452213
true,6,6.73419213677829
true,4,6.90655975376318
true,7,5.03658537902986
false,6,13.4619573276029
false,7,8.53368233293875
false,6,7.14247457205509
false,5,10.5947392100755
false,7,12.3946662507046
false,3,6.45989865185934
false,5,14.1847368084013
true,5,9.34071935225307
false,4,11.5240903433772
false,8,5.24002843392842
false,8,11.9075698936175
false,7,6.90824078856663
true,7,12.6284244503346
false,5,6.01887465367877
true,6,5.1649608733002
false,4,12.0256087399213
true,4,5.24837664648728
false,5,13.1832347930582
true,4,7.8472834638244
true,7,13.9177414065373
true,4,6.82905030066628
false,6,5.55184969045072
true,7,10.8476367302987
true,5,10.0451979515365
true,4,14.91904985089
true,7,11.8847065159152
false,4,6.58395720001297
true,7,9.64732536506505
false,6,9.64918556954667
true,6,12.3491846768239
true,6,12.6051040653935
false,5,12.4691097078192
true,3,7.3796416700486
false,3,11.7143651080421
false,4,13.5569651587724
false,3,8.25217253101566
true,4,7.71505166016135
true,7,6.52374527170212
false,6,6.63319741841079
false,6,9.09399209686963
true,6,7.33832167885722
false,3,5.48247192172847
true,2,8.95168299948392
true,3,13.1153625142813
true,6,5.02273298681273
true,7,12.795405118168
true,5,7.838628657732
true,3,8.5783016568253
false,7,13.0631216632913
true,4,14.7703369326898
true,5,10.8773289004822
true,6,14.9166281538475
false,7,13.8987883746383
false,3,8.00069804891022
true,5,13.219414780048
false,4,12.9036580698953
false,6,12.6979253043245
true,5,12.109156322203
true,7,10.6875690608699
false,7,5.50351016753262
true,5,14.8878211535308
true,3,9.53096187607938
true,5,14.7034134843908
false,6,14.1867853682377
false,2,7.64680407021931
true,4,14.4503398874826
true,3,14.5404788202024
true,4,5.90760977503561
true,3,7.47378919659072
false,6,11.9246680439689
true,4,9.30410751250315
true,5,13.7365110764695
true,8,11.5435878073906
false,4,13.7651710686392
true,4,11.5729701604233
false,6,6.34012881168095
false,6,11.6120463926512
false,5,12.7441539177017
false,6,10.0160153974669
true,3,7.11719516546522
false,4,9.03962829092633
true,3,13.017535244872
true,7,11.5960834034581
false,8,9.89072833854126
true,6,6.46540620908484
false,5,12.7003556132304
false,7,13.5822010348653
true,6,14.3908233228228
false,8,13.5068300296785
true,7,5.64685752162025
false,6,10.5661269283756
true,6,10.6177750396427
true,2,10.8480559125166
true,9,6.12323768362133
true,7,9.21805064502325
false,4,12.8192395044622
false,7,5.79093813902207
true,8,9.77677733293061
true,6,10.4621088768052
true,6,5.58427280101447
false,2,13.2668059996499
false,4,6.92456931543954
true,8,6.09806289297773
false,5,6.13200405206554
false,5,10.4597798529298
true,6,12.1526975256971
true,7,8.36659077920004
true,6,5.12716773874227
true,8,11.4396075901713
true,5,11.8728364011102
false,6,6.2851621099873
true,7,14.9656510883071
true,7,7.0866913574793
false,7,8.56392432814781
false,4,11.4757615782907
true,7,6.86383634140186
false,4,12.9467581743056
false,3,9.80623557859267
true,4,12.714929591896
true,4,9.9583281586733
true,9,5.86168928536046
false,5,5.1432059301228
false,5,7.41265944704145
false,8,6.82048210771362
true,7,6.35209154833648
false,6,13.6982121745448
true,3,7.88200559669608
true,6,10.4139005565124
false,6,9.54067085635905
false,9,13.7656103576454
false,7,5.54274110540203
false,3,6.82881949246372
true,6,7.27559547363968
false,8,9.42529302919556
false,5,8.86226886749967
true,3,7.10860940822994
true,4,11.9130227846375
true,6,10.4576297841357
true,5,14.4428281872959
false,8,9.32458838507215
false,4,9.3273152667735
true,6,13.4485837288662
true,10,7.94476616539457
false,6,6.62754406131153
false,3,14.3735751133173
true,7,10.6123555417529
false,8,8.52463411490656
true,7,7.27768201711196
true,8,9.65935580701504
false,6,7.34776473636454
true,6,14.884361031841
true,4,10.9965822621138
false,5,12.073727442719
true,5,5.49733115087504
false,6,14.7344632173384
false,4,13.1171505022703
true,3,14.5237895700825
false,4,14.2894604869485
false,7,14.7917922054134
false,8,11.7734473800693
true,7,9.26424236174414
true,5,12.964569924372
false,8,10.5983765840676
false,7,12.6858769342103
false,4,11.3236457284513
true,5,14.468222319208
true,6,12.6836060474106
false,7,12.6732780299681
true,6,14.7135351623325
true,7,9.36070260280388
false,5,9.96269325844877
false,7,7.48267882291304
false,5,10.3752870929812
true,6,8.38389163956699
true,4,5.62456332464295
true,6,7.42498525817864
false,6,12.2103194664126
false,2,5.77866581847308
true,3,7.45878669608066
false,6,10.751615708268
false,3,10.1671284923814
true,7,5.59787401232727
false,6,5.74809518224053
true,4,7.18645655273766
true,5,13.8931290274888
false,5,9.55803854497263
true,4,9.76697175142911
true,5,6.77181475550779
true,4,9.70270951354155
false,5,10.7569980669138
true,7,7.59669953983184
true,4,12.6354419993733
true,2,10.6777172804067
true,2,7.66293123996966
false,5,5.05389645607116
false,6,11.3746250440859
true,6,7.84375757754176
true,5,10.2707689328687
true,4,10.3157780345446
false,6,14.9172324957938
true,5,12.9406291960266
true,5,10.8632357866228
false,5,7.57602655646383
false,7,5.29220363695432
false,4,12.3969511796001
true,5,12.3952326416711
true,6,5.61484560187573
false,4,8.68338623589515
true,7,14.8846475279165
true,3,12.3030283919029
false,5,5.90038146860083
false,5,13.7386741843525
false,7,11.824224223611
false,6,9.03372692988859
false,9,6.59986932043107
true,8,8.65991878216003
false,6,12.2100251748746
false,4,8.40547046407309
true,9,13.8046276084058
false,6,6.7591576162218
true,5,9.694801000522
true,4,10.905341724646
true,4,7.96411894916972
true,7,8.95008752816189
false,3,6.75755349571518
false,9,12.3391309607598
false,5,11.8168412441907
false,5,7.70590628575469
false,6,8.32354561623898
false,5,9.26181798224145
false,6,14.5931073823213
false,7,6.93310096628709
true,3,10.4747674856128
false,7,7.55343390197128
false,4,12.8228662139257
true,4,14.315772407443
true,4,13.0337271575478
false,4,5.44944197802937
false,8,9.80138507482189
true,6,6.49144681856092
false,8,8.93674337584004
false,5,6.07713594827711
false,6,6.8990469292757
true,4,12.411560823323
true,7,9.8501670310561
true,8,8.86990505716367
false,4,5.80476820850552
true,4,6.63754078326124
true,3,6.05661235228175
false,7,11.4058573755955
true,6,14.1764795708956
true,9,14.450166815153
false,6,11.4780210261472
false,5,8.55017085106597
false,1,10.2159819280149
false,2,7.02883790412384
false,8,7.89266727019626
true,6,13.6378187299863
true,6,13.5465298429235
true,3,5.05137065158349
true,5,5.57194183022348
true,7,12.9208190178054
false,5,5.35339105239932
true,6,10.6163799784182
false,9,12.721800711266
true,8,13.9791602039981
true,5,8.25745713148287
true,5,9.26434075438285
false,7,11.2227404176472
false,3,7.29597661467247
true,5,10.6380713262966
false,4,11.7541336295884
true,5,13.6159650909356
false,6,12.3067312225881
false,8,12.8342939420661
true,5,8.61121548498804
true,4,8.9998452281134
false,5,10.5644378275311
true,6,14.1118001987902
false,5,12.8995281402359
false,5,11.5279131849974
true,5,10.1728508936727
true,5,6.64284436621609
false,8,11.9295679423278
false,5,10.0972181130302
true,7,5.13649099991137
true,5,10.4669596418243
false,7,6.91814706729
false,5,12.3493316756408
false,4,10.787578742545
false,4,11.4166555699899
false,4,14.4077881292459
false,5,6.91479183679023
true,5,9.74356485598155
true,7,5.91305542108059
true,6,11.027804059719
false,6,5.71729532862093
false,4,11.2945466525419
true,6,14.7016398137414
true,3,10.8828865287424
false,5,5.60599835842395
true,2,11.552307155807
false,4,10.4266800672984
false,4,13.7725154392937
true,8,5.76133648204208
true,10,7.4158963740504
true,6,5.82775215696062
true,4,14.1831695052435
false,4,10.7277566106842
false,3,6.59831687577002
false,3,13.0408723776948
false,4,12.3401091443496
false,6,14.5378982328805
false,5,5.64055213543077
true,8,8.53533716827044
true,3,10.4109706382352
false,7,11.2715250843325
false,4,8.43570281175586
false,5,5.51271229813113
false,9,12.5788601440978
false,4,8.50575099491701
true,4,6.33286049693602
true,8,11.9268887804265
false,3,5.42871210784534
false,5,10.891200746367
false,5,11.2421628987351
true,4,9.83289222554132
true,6,8.86595066769718
true,8,11.3872262342506
false,7,6.8000403150903
true,7,7.88747058911026
true,5,12.7171782772559
false,5,10.8746777154741
false,5,8.22246410279096
true,4,12.2870802145551
false,3,14.9874857308748
true,6,14.7580505280587
true,7,7.88220862860681
true,2,11.1617818930289
false,5,7.67487217172294
true,4,14.3206185446351
true,8,11.2956698382651
true,6,11.2022701582902
false,6,10.7445652326139
true,4,12.7585860665346
true,7,14.0884261273247
true,5,14.8817695980497
true,7,6.26779013410261
true,3,6.20177812045426
false,4,10.5139644845298
true,3,14.7681586770709
false,7,12.2934722185495
true,6,10.7753847871539
false,4,7.11633010238673
true,5,7.3706859665685
true,6,14.2850175631723
false,7,14.637298077065
false,5,9.99151839219619
true,8,7.87486512566984
false,8,9.53105328499138
true,6,12.5948838501935
true,3,11.9736811909478
true,6,7.78949370373604
true,5,8.92126672833706
false,7,13.7227259883441
false,6,5.31724453318211
true,5,6.45898186161866
false,6,11.3089845628327
false,8,8.36535162256006
false,6,8.55973113908005
false,2,10.6647998118609
true,5,8.38286688846883
false,7,12.2858006204113
false,5,12.8497198280926
false,6,13.2701213011471
false,7,12.2219608583363
true,6,10.1424700403302
true,5,6.17587398055574
true,4,7.68200574299512
true,6,11.8146543207267
false,6,11.3722730023697
true,4,8.55865252418186
true,3,7.65772297998607
false,4,5.86681218246401
true,7,7.04376133970379
false,10,10.6058780722452
true,5,6.93534392284508
true,6,8.75189804583048
true,8,5.84532856896561
true,7,13.0139423530672
false,4,5.34373808655297
true,6,9.76008256860562
false,5,5.00089393568011
false,5,6.62427904078069
false,8,10.0918680232139
false,6,7.34048778643046
false,2,8.49972656727223
false,4,7.27455386269626
false,5,12.0337189459541
true,5,12.4348919660956
false,0,12.6229946984492
true,7,8.56633546796018
false,5,12.9143182132269
false,6,12.6539266830586
false,7,14.8610443743532
false,4,11.3788422213452
false,5,5.00122203088128
false,8,12.9375446607457
false,3,8.85808850292406
false,7,10.1606048099166
true,4,9.13609795558524
true,5,13.4549745292524
false,3,7.30306308194422
false,6,11.0720905066276
true,6,13.170659984306
false,8,9.02978175875475
false,6,9.30950864370491
true,5,6.91623195401518
true,6,6.87105582137642
false,7,8.11039834884211
false,5,13.3937803120214
true,7,12.7189635174726
true,8,10.4572064266102
false,5,10.3632889711773
false,6,8.20954348527023
true,8,5.89826767599846
false,7,8.37552338553187
true,6,10.6550720123738
true,7,7.75140223762187
false,5,10.9231839474597
false,7,8.71578472380719
false,6,7.86146661037711
true,8,9.154034736286
true,5,10.2589934785839
false,6,14.2035393239619
true,5,7.7994879671527
false,6,10.6562140126393
false,5,10.0156759986119
false,6,6.01764750979516
false,3,10.676798820043
false,9,10.5982064741071
true,6,9.00967896378372
false,3,14.9056892445908
false,7,10.6966034607334
false,6,8.87139483022506
true,5,6.90064325898499
true,4,7.45056991940455
false,8,8.94068313073693
false,5,8.46549875815903
true,4,6.05563669720226
true,5,13.0428588444099
false,8,6.5770450460002
false,7,5.39704847406299
true,5,8.91687102985516
true,5,14.0529913557586
false,5,14.915910882661
true,7,13.1210087430343
false,7,7.54457967479279
true,5,9.43793363053151
true,5,13.9563271310979
true,5,7.99686926855649
false,6,9.35802972019186
false,6,10.179692855867
true,7,12.9467842571487
false,7,6.43837051885257
false,6,6.26818177795128
true,5,9.29449022570951
true,5,12.0559493050447
true,6,11.8804308843501
false,3,10.3647224498965
false,7,13.3854474477998
true,8,14.3057123467774
false,5,5.89213487696317
false,4,11.2061367030178
true,5,12.5240715764194
true,4,9.37765178098084
false,6,12.8251539745661
true,6,14.7724826675612
false,5,6.48544457369538
false,4,6.3024506590284
true,5,13.4595774582783
true,7,14.4467199564793
true,4,7.18312368695791
false,4,6.68931597316276
false,4,12.8922048047342
false,7,7.13229011055015
true,5,7.45796856905727
true,5,5.23071413917399
true,4,11.2178818245096
false,6,14.2995081429852
true,4,9.69035892580277
false,7,8.10518477058967
true,6,5.5712928008235
true,7,7.07320008038162
true,8,7.67347998422964
true,5,6.23372718665834
false,8,13.8418658096011
true,7,6.95245542018525
true,7,9.25178337462397
true,3,7.59676348501694
false,8,12.6180327349599
true,5,10.4065003160442
false,3,12.0721319480712
false,5,13.1126560099469
true,6,7.68206895108681
false,6,13.7490261993169
true,10,5.67846060178018
false,6,9.20279147272954
false,4,11.4046791551201
true,8,9.66889000752091
true,5,7.08430734083802
true,6,13.3604057771574
true,6,6.05268553384056
false,8,8.12903340424626
false,7,5.49030010556278
false,7,8.56202901376155
false,6,7.1684564659771
true,4,8.48392731544741
false,3,5.04812988515766
true,6,14.3179601099868
false,4,13.8220929105784
true,6,9.05732651927868
false,5,5.83161791327824
true,7,12.5928024430492
false,3,5.66791395683686
true,6,10.2738131099533
false,5,13.7279699786971
false,8,13.8308144982659
false,6,8.52620715153135
false,5,11.2838948225042
false,6,10.5476656730641
false,6,10.866248987124
false,4,10.5142497256804
false,7,13.9005607903628
false,8,8.69629762575293
false,7,8.04662757497725
true,5,7.36813844115125
false,5,9.08234737869536
false,6,14.0191267237603
false,5,14.1550583071017
true,6,6.44737994151311
false,10,13.2670567980121
true,5,8.83791468573826
false,4,6.54254224973188
false,6,12.2087512348904
false,8,11.3418328503297
false,6,7.04604966949226
false,6,12.4541390982616
false,9,6.57645040756199
false,5,14.1233306721525
true,7,14.0771504223656
false,6,10.3514889268968
true,5,6.89787596777075
false,3,9.94570296632155
false,7,8.78655027612293
true,3,8.55425664842433
true,2,9.5684328355091
false,4,14.4912092067064
false,5,12.4382924858532
false,5,12.4201355428179
false,3,5.01460665336295
false,8,6.85952580519864
false,5,5.67013475394134
false,7,5.11433476535901
false,4,14.1331040361411
false,7,11.2299380553984
true,6,7.83970648422016
true,5,7.16400444516211
true,6,14.4446154801777
true,7,12.4555522322699
true,4,6.18744100535345
false,6,13.0979887889661
true,5,9.47668029337146
true,4,5.90495127974035
false,8,12.8641306012168
false,7,5.54858654530942
false,5,5.21296226628357
false,8,14.3009553652307
false,4,5.37760164090203
true,4,9.33796080819153
true,6,8.22131387320419
true,5,6.26738131317862
true,2,12.2479145234471
false,6,9.41475618106326
false,5,12.218624101823
false,7,5.18972717891047
false,4,8.96192345209644
true,5,5.56209719210203
true,5,10.107560946983
true,3,5.13559141007175
false,6,13.4900744411525
false,6,7.88880893612926
true,4,11.6559345945265
false,6,6.59254161368559
true,6,14.1340020864819
false,2,14.5997338379989
true,1,12.5904724768139
false,5,8.7171303531224
true,6,7.42131791527511
false,7,5.97236361223515
false,6,8.4956767988527
false,3,14.8939249260145
false,5,13.0214033197683
false,2,9.13277787697645
true,8,12.9294400995422
false,6,5.97271206614265
false,5,5.86835906626852
false,7,5.98647512077355
true,8,12.0934520667891
true,4,8.23151416355666
true,8,8.33484481488391
false,7,10.2793571719627
true,7,14.1071579985475
false,8,8.09388211040485
false,7,9.19237210235685
false,3,13.7591050418687
true,7,9.62349098343593
false,5,11.2672582745625
true,7,7.90759036522039
false,4,13.9369272899738
false,4,7.26156503604507
false,6,7.27115972486128
true,5,12.0683231998635
true,6,14.3025745028491
true,7,13.9773574928018
true,5,13.3105117709086
true,4,6.43560462718276
true,8,7.87768911242902
true,4,6.78282889494284
true,7,13.2762764649024
true,6,7.96999377017988
true,7,11.5077116148456
true,6,11.8731878826988
true,4,14.4171177303513
false,6,5.83583444208198
false,5,8.33926864887404
true,3,8.25785769509472
true,5,8.10868707921379
true,5,11.4971957832055
false,4,11.2394624684235
false,6,14.3332478143263
true,8,7.96899876406605
false,5,8.48052482699732
true,3,6.86959721616953
true,6,11.8126262968722
false,8,8.20426770193295
true,6,8.79353063926616
true,4,8.55560291686482
false,3,12.4120492130131
true,6,5.36844747735634
false,7,9.96979328730608
true,5,6.3167646349946
true,6,5.80309042064515
false,6,8.49627032698566
true,4,13.7226782778745
false,5,6.21806750673457
true,7,7.81915215889423
false,6,13.7307085186035
true,6,10.1673000858591
true,8,14.630808030318
false,3,14.5489871406443
true,5,13.0025496555239
true,3,14.2155259275151
false,4,13.8290553035711
false,7,5.25507082611993
false,5,11.8390129017227
false,5,13.4180489909483
false,6,14.7019199698806
true,3,7.25159810106602
false,7,5.84665388622596
false,6,10.4947977795171
false,7,6.50835433696529
false,10,14.7819421930414
true,5,11.6800075984813
false,6,14.6155591773319
true,3,14.3044459736634
false,3,13.8025145995483
true,4,10.1922764164371
true,5,7.48349863872005
false,6,10.766640223612
false,4,9.51053156438556
true,6,12.8918814120023
true,4,10.4775196011003
true,4,6.40793185032965
true,5,8.30003361033944
true,7,6.64677956792843
false,5,10.6981716269435
true,4,8.37046798845627
false,4,5.68798988521995
true,9,14.6296466370318
false,7,5.51366692272296
false,6,9.53902887817555
false,5,12.9532666950391
false,3,11.8782674545719
false,4,11.7023550294636
false,5,6.3242485915456
true,6,8.76535253823533
true,2,9.6633492251106
true,5,6.60807682279275
true,8,14.9854930968339
true,5,9.79809841266899
true,7,9.10349037106993
false,5,6.29755524854195
true,5,11.5589457595303
true,4,9.88552939952358
true,6,8.45498938308393
false,5,6.54670214363761
true,8,9.13496252384826
true,6,8.89259085133816
false,4,14.4301120058954
true,6,7.4274326088706
false,8,12.6387554441415
false,7,11.2407603126267
true,5,14.4125395639315
true,7,10.1138268986756
false,3,6.6506561613851
true,7,7.51858048716675
true,5,12.8011445099286
false,7,10.5225721259748
true,3,13.6201709598759
true,6,6.13439170752234
true,5,10.0411314352352
false,4,14.0074805174038
true,4,7.63383116571861
true,6,5.32653739624615
false,6,5.94931933408474
true,5,8.56696734361057
true,6,7.89722517121266
false,5,14.989532270702
false,4,13.2848610185294
true,7,10.5326438681712
false,3,9.1327158071809
true,5,8.57775002638748
true,5,7.50988524357056
false,6,5.96209224368613
false,6,5.40059162605878
true,8,11.5878765962035
true,4,13.9304535432544
false,8,11.5342821524905
false,7,14.8569239289399
false,4,5.09362785703397
false,4,6.55675953583844
true,5,14.4897568388025
true,5,6.26975758100889
true,7,12.1957644609043
false,9,7.88679118026581
true,7,13.3101482672333
false,4,13.552606832792
false,5,6.75799098863944
false,7,10.0452493008217
false,5,13.8175478060632
false,6,10.9760877299911
false,5,14.1526568008202
false,5,7.99978556460124
true,4,13.8446518220547
true,1,14.7688466791181
true,4,10.1078895553505
false,4,13.6756037845077
true,9,11.2259587960273
false,4,8.92976049818198
true,5,14.8999017411577
true,6,13.6613566741093
true,5,9.1573099548306
true,5,10.6196095344931
false,5,8.89101857046736
false,7,13.3065965033741
false,4,9.05455585049721
true,7,8.72442550179924
true,7,13.4439977529885
false,4,9.70678570535995
false,8,10.074659266866
false,6,8.60000664559678
false,7,6.26041279018129
true,4,10.6775278987193
true,7,13.5200935355851
false,7,14.5895118733683
false,9,10.5632542981171
true,8,12.7312733691381
false,8,10.4499464064986
true,6,12.4516259176647
true,8,7.65105076853585
true,7,10.0262402125029
false,4,6.13278461531637
true,7,9.93783340262354
true,6,14.4791929141506
false,3,14.5684358398645
false,4,9.99193870804512
true,7,5.57151489452939
true,9,8.67711312320027
false,7,6.20512526625236
true,5,10.3045817723927
true,9,12.9241525133802
false,6,7.69804517997019
true,5,7.59807208705162
false,6,14.9689018894665
true,5,6.44415088460902
true,5,12.4113292826922
true,9,8.86369773705254
true,6,12.3906187122259
true,5,13.9010476592146
false,5,13.844115031453
false,4,9.57927319817719
true,6,5.10215951254666
false,5,12.0630849849639
true,7,14.9824697356401
false,6,10.2110915932096
false,3,9.70922537255299
true,5,8.468679334844
false,4,9.49157173070055
true,9,14.2670196503708
true,5,9.19914281374419
false,6,12.3884958878968
false,5,8.21920781075223
false,5,13.786212580047
false,6,6.27226016238929
true,6,9.86721196139795
true,6,12.5221224915361
true,6,14.2313562538914
false,8,11.1522963220269
false,6,9.33446243228726
true,6,8.30820822807212
true,7,8.47659138871097
true,6,5.04086281134212
true,7,12.2324229194793
false,6,14.4140836346517
false,6,12.1623864551702
true,5,5.89551189836974
true,7,13.674220404814
false,5,10.7205057109372
true,4,12.0694930837192
false,8,7.17173302341921
true,5,6.69310699380773
false,7,5.33420508965531
true,5,11.5607784489684
true,2,13.6193905878961
false,4,13.083657272043
true,7,9.91763113269943
false,7,9.08157933203689
true,7,9.96724336866784
false,7,9.26165175368413
false,6,9.85276090005464
true,8,6.51680980594426
false,4,11.0918228655132
true,5,9.42197317451388
false,5,12.0178621541926
true,4,12.9279655861802
false,6,9.69849513537109
false,6,8.9237123016076
true,8,6.31936235740548
true,5,10.0952403608117
true,10,8.9339080947573
true,6,13.1918527304852
false,5,12.72328111671
false,4,8.0497067126818
false,5,10.5863898638857
true,3,10.3610740754852
false,4,9.53196081957822
false,6,7.88161629475176
true,3,12.6608810519966
true,7,7.81363371321305
true,5,9.30913012758301
true,7,11.0468846694233
false,6,12.7600533255912
false,3,12.4339583486657
false,5,12.0888370596947
true,5,7.49958625267961
false,7,12.0478412309846
true,5,11.6703090634682
true,4,5.16037242489399
true,6,8.20048259203063
false,6,14.9614605303829
true,7,8.43409359224236
true,8,9.25766331796675
false,5,6.88419500108593
true,6,14.493581233917
false,9,6.78494885487101
true,7,12.3966482248821
false,7,10.6307693385126
true,3,5.20811119802987
true,7,6.47966848121459
false,6,7.45744175254223
false,7,11.9836792984465
true,5,12.3484084801517
true,4,5.61881578286857
true,6,8.12913542170505
true,6,8.99175999461843
true,5,8.98170557878209
false,4,12.2963780786579
false,5,5.96793901782588
false,2,8.25186694515411
false,6,8.54524688520797
false,8,7.02956527069082
true,4,11.4325779817247
false,4,7.14716008819795
false,3,14.9644013277855
true,5,13.8177559323157
true,5,8.76863618203742
true,4,13.6697442185319
false,4,12.3450158165035
false,3,9.5118263342561
true,5,5.87367478793874
false,7,13.0400657735873
false,8,8.75689030945676
true,7,13.1307594670592
true,8,10.1456595321132
true,4,5.49336493525809
true,3,8.92773984526155
false,4,10.8326365483672
true,5,8.56800518044917
false,3,8.79499144175781
true,5,12.9763055522874
true,6,13.91307118275
true,4,7.66705552946504
false,7,11.1747630035251
true,6,5.34974239341397
false,6,12.3373305308209
true,4,13.710355890956
false,4,12.1347879754658
true,7,9.29837335970384
true,5,8.09062749781943
true,8,13.5297603755819
false,3,14.7633428540111
true,6,10.6959204783855
false,4,11.9203851814243
true,2,14.667115408507
false,7,12.9254456924352
false,6,12.013395312202
true,5,7.10405366251196
true,3,6.93167337498481
false,6,5.66937573434446
false,7,13.028192374518
true,5,13.7387837080346
false,9,13.2976332236935
true,5,10.7081645654581
true,5,5.599544126019
true,5,9.42925568063935
false,5,8.22033942173291
false,4,14.2295287147769
false,4,10.4850359524397
false,8,7.62932091919011
true,6,5.05757058210003
false,6,13.1609487320992
true,7,8.72192333095187
true,4,12.1848272777525
true,6,10.2874410945511
true,4,9.64405540414237
false,5,14.3743894429102
true,4,5.25136541094272
false,4,6.79096812752713
true,6,7.62062122970777
true,6,5.10095047410286
true,6,11.645727908256
true,5,9.36492129157118
false,5,9.24793875142726
false,7,10.9939456603586
true,7,6.12221163561199
false,8,7.33769572794492
true,5,11.8483848297169
false,7,13.4755237602366
false,5,12.2320935413624
false,5,8.49184932474043
true,6,6.81723661549275
true,9,8.89451360612558
true,6,7.89217987884786
true,3,10.7786787689242
true,6,14.2494015459372
true,6,5.60898839179967
true,7,11.9707706656913
true,6,10.5687693102493
false,7,10.932366414459
true,5,9.11054154183111
true,4,14.4927068778635
true,5,6.64330245576923
false,6,6.66260287325688
false,7,8.02660734846255
true,5,5.36236207622581
false,6,11.0349699558024
false,6,13.5229729023174
true,8,6.62649451961633
true,3,10.0166104371078
true,5,13.5629359512094
true,5,11.7555803340025
false,4,5.30663596772798
false,7,14.3229318469614
true,4,5.56197569298475
false,5,6.37601489900513
false,8,9.36741284920661
false,5,9.04324490500935
true,3,14.7260986067839
false,6,14.4892121920914
false,9,7.08511038543758
true,3,11.3838342937004
false,4,5.74755538728346
true,6,13.2648221127617
false,3,14.1493512961341
false,7,13.2522136682917
true,6,9.25998555871681
false,4,5.82329388484717
false,5,6.39969894157138
false,6,11.0499192502983
false,7,9.02861744508585
false,8,7.39716920996204
false,7,9.69447580237781
true,4,10.8704814147525
false,6,13.521959389561
false,6,5.62012329792375
true,7,9.99597588522991
false,7,7.69586885105745
true,6,6.21488183570786
true,7,10.6251340168759
true,5,10.099121381494
true,5,8.82660252731189
false,6,10.2154407428437
false,7,8.45246375587189
true,4,13.6810372918373
false,5,11.7481486924223
false,5,6.50415108050792
true,4,9.58346146084855
false,5,7.32375461860626
true,6,9.39621430266224
true,5,9.8755391294737
true,4,11.5776231884747
false,2,12.2565517605917
true,4,11.0914368198423
true,7,8.84080646176457
false,3,12.7385869498151
false,3,13.7387019233232
false,5,8.3903600446919
true,6,7.52513127880721
false,5,9.78627338185527
false,5,11.1142562191934
false,6,10.2052265036984
true,7,12.1168243934892
false,8,10.5884549710024
true,6,5.98154342476513
true,3,11.1593171739905
false,2,7.05465496436781
true,10,9.44803425465984
false,6,5.79452289014352
false,5,14.9537320967454
false,6,11.3919187154596
false,8,6.6650944308923
true,8,7.82191350204463
false,8,9.09451502265115
false,4,9.38364124334057
false,6,13.2703875598101
false,8,6.16194398359986
true,4,12.3069713330959
false,6,14.5956645226088
true,8,7.39475303645487
true,3,11.7416130205269
true,6,14.6884037995526
false,5,13.5114189679253
false,8,12.0153643405935
false,5,6.16793055356776
false,6,12.4628739582955
false,8,10.1524971510547
false,6,13.6149186842199
false,6,7.0232253857311
true,7,5.77692287248911
false,4,6.89330107628494
true,6,6.59916627328116
false,4,5.1642880049934
false,3,11.440488155537
false,5,14.5227574993669
false,4,14.90577457948
true,6,11.7216578355071
false,5,14.6388654735257
false,2,7.46447076384991
false,5,7.51527055058994
true,5,9.68704416079768
true,4,12.0679965275325
false,3,8.78248900344817
false,7,7.38190222354525
false,7,13.016175288887
true,7,8.20399513132454
false,5,8.74926011917323
true,5,8.15558717068372
false,3,6.70134600924486
true,7,10.5822986036389
false,7,11.5701933989584
false,7,6.42528102297039
false,6,8.80657522376752
true,4,5.12392867509549
false,3,13.0565400630128
false,2,11.4377321213251
false,7,11.7056872374575
true,4,5.0950104856388
true,7,9.41407485017779
false,3,8.53054916815399
false,5,6.000370455679
false,6,8.45161598183229
false,5,7.41835930167189
true,6,5.01115045039756
true,6,13.0539814532036
false,5,9.78630287492159
false,3,6.49435685864206
true,5,11.393305048192
false,5,9.58363722496859
true,4,9.48974636554499
true,10,6.54228015704613
false,5,6.53495821175856
true,5,9.83605100198919
false,6,12.073944404762
true,5,12.7195885773416
true,4,14.6854961946788
false,8,10.8994652288476
false,9,11.1230671771232
false,3,14.0110687533909
true,2,12.9758151239276
true,8,8.70716427186545
true,4,6.99046041311413
false,6,11.9071231077182
true,7,11.4528064837766
false,6,9.21860917521512
true,6,5.46157048605769
false,9,12.804470751198
true,7,5.03390976264105
true,6,13.3958277942086
false,4,8.07857581078497
true,3,8.19363777476563
false,8,11.6201977826114
false,7,10.218341056091
true,5,13.9458012973803
false,4,6.5084505276541
true,6,6.22897861170854
true,6,9.64318765860372
false,5,8.76488898579376
true,5,9.33980047202603
false,5,8.22342284670857
false,3,6.70318870542564
false,3,12.3678347726656
false,5,13.5838296473995
true,2,12.2234793453843
true,6,9.0335688793359
true,5,10.028785619943
true,9,11.6011097226656
false,5,11.7445105206899
false,4,7.4162197994383
false,4,13.3829235700183
false,6,5.53181732522065
true,7,5.57617049307744
false,6,6.09582143393228
true,7,11.4501394279346
true,7,14.8352645979729
true,4,14.0217897442492
false,3,11.5563725757985
true,6,10.9774325195797
true,3,10.8044209768668
true,5,12.5859613998891
true,6,11.9937118254079
false,5,6.45399752874416
false,9,13.0093569556678
false,5,6.49861184692678
false,5,6.28965902352251
false,5,9.93396207611907
true,6,11.3284968573519
false,4,10.9021294062933
false,5,10.559044309851
true,5,11.4841603983762
true,3,10.0358589688182
true,7,7.12812667579701
false,7,6.77681713784031
false,7,10.7811963394255
true,6,11.2661768512451
true,6,11.3512092008843
false,4,8.41851046739901
false,7,14.6955234640183
false,7,7.41278803718385
false,7,14.2017032569565
true,8,8.87234046507649
false,6,6.05351066325125
false,6,12.6295696648871
true,7,5.00645465693343
true,8,7.54030891830747
true,5,7.61101771443134
false,4,10.5179267814223
true,5,13.7800813298408
true,3,14.1224164010918
true,6,7.49854048508923
false,4,9.68448573759445
false,9,13.6776348407084
false,8,12.9723477106113
true,3,11.7657187738214
true,5,11.241590722985
false,6,5.24274160942463
false,5,14.3703575186821
true,9,12.0787682332159
true,7,10.9273707546049
true,6,14.1114865049012
true,3,13.7121684642754
false,5,5.69253074911547
false,8,6.17901664358205
false,4,10.9439391027465
true,7,8.34061503394324
false,7,13.415570351108
true,5,13.8112330569215
false,4,10.3265047961912
false,8,5.17751300943261
false,7,8.47760582983181
true,7,10.5968297095934
false,6,11.8727288134645
true,6,8.55819491513897
true,6,11.6145974215947
false,5,8.70717136755572
false,6,10.9337515948998
false,3,8.83630756554141
true,6,12.9964527314775
true,4,13.9701826303037
true,4,13.6905210107755
true,4,14.4279149963811
true,5,12.5602952291954
true,9,11.7915927068859
true,4,8.05405425750495
false,6,6.79322509352488
false,7,11.3701038297942
false,6,9.16765866687007
false,5,10.0229780657033
false,3,14.5514853181249
false,2,11.0169856745636
false,8,11.9927313838865
true,6,11.3516219358675
true,8,8.76170314215658
false,4,8.31318123396702
true,6,5.48308522542426
false,3,8.17336014870417
true,5,14.8863737213536
true,6,6.67918099488378
false,8,11.6777193246746
true,2,9.13661826888383
false,4,8.81166435919422
true,4,5.18497241797427
true,3,13.5961187531514
false,6,10.6383610040031
false,4,11.9135904771802
true,4,12.8236366258143
true,7,10.1129903583126
true,7,6.35130072175981
false,6,8.05209783900879
false,4,5.30138956082831
true,7,11.4183137455676
false,5,6.36745521994777
false,6,13.1204653045966
true,6,12.2487294455137
false,4,14.6954512102045
false,4,6.14542366782315
true,5,8.91281774391396
true,3,13.1368420877615
false,8,9.14426444196477
true,4,11.9823909058334
true,4,9.2414621169811
false,4,8.78180542396132
false,5,10.7868991797507
false,3,9.17240703655336
