true,6,8.24627537219319
false,3,11.2726803930712
true,7,9.88365436590464
true,7,11.3575666995664
true,5,10.0318086074678
false,4,11.3713651812426
true,6,12.5007927959188
false,3,7.16319637931469
true,3,7.36734589850634
false,6,10.759105790306
true,4,7.86068764221231
false,6,7.96695050196235
true,6,11.5581658174154
false,2,6.54870145135181
true,7,13.368307985268
false,3,13.232350681819
true,7,12.7761162254344
true,6,7.23857550163151
true,7,10.9995783293838
false,7,8.1652822094346
false,7,11.8423028848023
false,6,7.35541279237087
true,4,6.42775775740497
false,4,11.8038827269495
true,7,12.7443438838609
false,9,6.93672656178074
false,3,8.30265529023694
false,7,6.21682386551138
false,5,11.9845089935358
true,6,13.2872901966848
true,4,5.039339983935
true,7,7.38050944799967
true,3,11.8891869655597
true,4,9.53143931085119
false,6,8.333745546675
true,5,11.8481570402293
true,7,12.7103303473876
true,1,7.70927043570587
true,5,6.50422967741882
true,7,6.64587595560708
false,5,8.34120483590335
true,7,10.1974806649046
false,4,10.3150498110099
false,7,11.0163525324861
false,4,11.0327405688257
true,6,8.87879892970748
true,8,7.54861539184333
false,4,6.84811176428028
false,5,8.77130441011041
false,6,10.930458566654
true,4,6.98446274337087
false,5,9.3692718261471
true,7,7.35968007922287
false,6,7.6306656816116
false,4,12.7645960701589
false,5,7.09571977711851
false,2,6.33691352634093
true,6,5.46919254626683
true,6,13.1028955377912
false,8,13.2858178218617
false,7,7.62688228666793
true,5,8.25667383785505
false,4,11.2068959786074
true,6,10.6024480745782
false,4,9.60764991472413
true,4,8.01088354991244
false,6,14.182985738364
true,4,8.83281385194629
false,3,11.6884783829945
true,8,7.08753569376466
true,5,6.4482451539965
false,9,13.0111102473121
true,8,8.48713503984585
false,5,8.6230509304456
false,7,8.84769307287801
false,5,6.84589303548915
true,3,11.7645028534553
true,6,7.86174619443196
true,3,9.60188463860261
false,6,6.59335920421095
true,8,13.6377650492713
false,3,7.60527146278153
false,5,6.73272951891214
false,5,8.59099899440399
true,5,12.8989484664639
false,5,7.09679150221712
true,7,8.52766375873794
false,1,10.9040487609592
true,3,6.78855087220857
false,9,8.06071111635649
false,5,7.63134865885763
false,5,11.3126416040592
true,7,7.53267180767049
false,3,11.4131297324822
true,5,11.6400307049964
true,7,8.69486108545196
true,5,8.35796584874727
true,3,6.76804421552549
false,7,6.86845989960103
true,4,11.8367240828302
false,5,11.381219393863
false,2,8.15780139535897
false,6,8.01395877701119
false,4,10.8509642117887
false,4,6.87460099664042
false,7,7.49375269538977
false,5,12.7394984946172
true,6,6.82945462404239
true,7,5.00125534911826
true,6,8.6631574649098
false,3,9.45354315961744
true,5,6.21720857558853
true,5,11.9933196498895
false,5,7.09783855742169
true,7,8.24802088793022
false,5,12.7558660347184
false,6,7.54517477386575
false,6,11.2655028918811
false,7,7.78906818128292
true,5,9.19542681525175
true,5,7.21396215306815
false,7,7.58499634062442
false,6,9.98044168074543
true,4,11.57135630906
true,8,7.37731358490789
true,6,11.2782191844209
true,7,10.343017893886
true,5,11.5039319713428
true,6,8.15286471206778
true,6,11.5535311373309
true,7,7.52517870366157
false,3,8.16884864070371
true,3,10.5578852612725
true,6,10.7748248429428
true,4,7.30550995418188
true,4,8.11989548274367
false,5,6.22571008218342
false,5,10.0573424428635
true,5,8.07006633013878
true,2,7.29204713850237
true,6,9.86742048700366
true,3,6.8775274697697
true,6,6.7184257013048
false,7,13.6558789861119
true,7,9.94845423688763
true,6,12.5904846018331
false,5,13.119856087795
true,6,7.71259269557336
true,6,10.1351731482928
true,8,7.48755615524066
true,5,11.16399192955
true,6,11.6740489444514
true,6,6.61779698432962
false,3,11.9028989451921
false,4,11.6938769042507
false,1,7.37839560536635
false,4,6.92277466222503
false,3,12.738361816427
true,5,6.76050393203905
true,3,8.17942840966641
false,7,8.19539338129312
false,4,8.02628253321218
false,5,11.112097343344
true,7,12.3705839619432
true,5,7.79107493756166
true,2,11.5342849488331
false,6,10.9311123873473
false,4,11.8966653219107
true,3,6.5401577056325
false,8,8.11305979702562
false,8,6.67645185066816
false,9,12.575801887547
true,7,7.22626087266868
false,6,11.2014584360353
true,4,8.55904064227656
true,6,12.2730407543122
false,7,11.1832971390104
true,4,7.21814057136407
true,5,8.15286448658805
true,6,7.04781368765124
true,5,7.84852017695868
false,5,6.9314323981299
false,6,11.2587873606843
true,4,12.1334170703134
true,3,7.13825558244167
false,4,7.38554822201922
true,6,6.15430623997958
true,6,6.85044449377485
false,9,7.91765440617423
true,4,6.88608438478268
false,4,10.5927656706496
false,7,8.38019978059789
false,6,6.81708036856671
true,5,7.07321541496684
false,5,8.37056236717311
false,5,8.25962243303536
false,6,10.1974461730849
false,7,12.5372314381403
false,6,10.3482069177206
false,5,12.3392713257919
false,3,8.30411735041562
true,5,8.52351424962725
true,5,10.6754857951842
true,7,12.1796617039352
false,5,12.5604055495596
true,8,8.66145514926879
true,6,7.93080953196804
true,1,12.2761039978223
true,7,10.143090182843
true,6,7.04249894940875
false,8,8.13046925764646
true,6,7.03940356229875
true,5,11.6696113818796
true,7,11.7525150926711
true,5,8.59209937501721
true,7,6.51046214610778
false,7,12.4203843186616
false,5,12.275410752373
false,7,9.48400495677892
false,4,11.6655930592448
false,7,12.8220700209884
true,1,7.94102750761155
false,5,7.2146901875036
true,7,8.25341212197626
true,3,7.54464119046028
false,4,7.66613620531692
true,6,10.3836192790747
false,4,11.2820114759777
false,6,7.97003336030613
true,2,6.499505131219
false,5,8.39026014274973
true,9,14.213902797343
false,6,6.92322912200949
false,8,8.60505750299856
true,4,11.7832453036069
false,2,7.22513389416446
false,6,7.92596430534791
false,4,11.9385123627886
false,9,7.83759839598433
true,7,11.3860600482397
false,5,10.1384191730116
true,6,7.39782130375801
true,6,11.8072418383844
false,3,8.23545059951909
true,6,6.37213751766007
true,5,12.366439298492
true,6,12.665933548879
false,7,7.07071125515222
true,5,13.0040990840496
true,6,10.831204691168
false,5,7.77615680472408
true,5,11.8055342623645
true,4,11.8361356003515
true,5,7.33599831215943
false,5,7.1789149003222
false,6,6.37138405775928
false,7,10.4307163771087
true,7,6.82884276311672
true,3,6.93301248687428
true,5,12.8946175820258
false,6,7.01318274899947
true,2,9.68861314461842
true,9,11.5203701466582
false,5,7.24263284791246
false,8,13.3821638348555
true,5,7.76008722468309
false,4,11.2487232462996
false,4,12.2941186600003
true,7,7.71937438554925
false,5,8.69490066314054
true,6,8.42484252001759
true,4,5.93102848506813
false,5,11.9566906429586
false,10,6.96626787849198
false,8,9.25060920943607
true,5,8.88248400267726
false,5,8.07122267074013
true,4,13.0301256148112
false,2,8.3782419712494
true,4,7.62493813932026
true,4,7.53439701248019
true,6,5.40735199716077
false,6,7.14206292118876
false,6,11.6127625698106
true,3,7.70894647660529
true,5,14.1443864520387
true,5,6.01437304280369
true,4,11.9936661761698
false,6,9.81429489639255
true,4,7.11907977270848
false,5,7.29161180326929
true,4,7.67244321353093
false,4,7.11789927841691
false,4,11.2660951929727
false,2,7.73294873844784
false,6,8.93344684543338
true,5,11.736592009898
false,5,8.37529235609608
false,9,7.98502500948931
true,9,7.89950054120319
false,7,7.8784433438258
false,8,8.86601783016066
false,8,9.53465555015172
true,6,7.28106426472769
false,7,6.7707447573002
false,9,11.8924688512933
true,7,7.78507527350485
false,7,12.6820088210066
true,2,8.05210008230488
true,9,13.4125849159299
true,5,7.95680643936252
false,3,7.87559870492003
false,4,8.8027867241762
true,5,8.37215033359401
true,4,12.7471854865381
true,7,13.219866353389
true,4,8.22861235321339
false,2,7.50654454644674
false,5,6.30523148394597
false,6,5.87905992147636
false,3,9.9950820877835
true,7,8.66410243836014
true,4,6.86582364724306
false,4,13.0099947591871
false,6,13.0034727311611
false,6,7.76705270566135
false,4,13.4207831970434
false,3,9.8692443698422
false,6,12.1197346521672
true,3,12.0333937514535
true,6,6.34294134194711
false,5,11.4495081924852
false,8,7.10189061037078
false,6,9.13455282566918
false,6,7.51299446916373
false,7,8.59227322401496
false,6,10.7331741761278
false,4,5.81613551079045
true,4,9.66825426191337
false,7,7.39077961762247
true,6,8.3640207287803
true,6,6.29183679062611
true,8,12.3069804516916
false,7,12.9000940862712
false,6,7.19247484659975
false,9,11.4939046590654
true,5,7.26643580750137
false,6,13.0893204632631
true,5,6.83921460359273
true,5,7.46547045599243
false,6,11.5034272312259
false,7,9.29812715982857
true,2,7.08016446882551
true,8,5.99164032430131
true,8,10.6231657646554
true,7,9.14755012992523
false,3,13.3033816997742
false,7,11.7160224103883
true,5,8.23748248098168
false,5,11.3286264395122
true,5,8.05164196371479
false,8,7.54716785831465
false,7,8.62300301563967
false,5,8.12754193715507
false,5,11.2948078248696
true,4,11.3496090391947
false,8,6.97008546528045
true,9,7.8712096953755
false,4,13.2585913386885
false,6,7.59397894049837
true,4,6.46685792185877
true,3,8.515083626413
true,3,6.21555578932989
false,5,6.65014988875138
true,8,6.97125897767936
true,6,7.24141112286613
true,6,11.066129401758
false,3,12.5462784656229
false,7,7.91433116059222
true,7,7.42794794190123
false,4,10.2790860249109
false,7,7.10436260598129
true,5,8.10116148977919
false,4,6.57889824150578
false,3,9.85121638660531
true,6,11.6534543434297
false,5,11.1283712557419
false,4,7.86475914917209
false,7,7.28449452884261
false,5,8.82322390961838
false,4,12.765115023904
false,5,7.20499563742844
false,2,8.96078860233743
false,3,12.332758938683
false,5,7.73672402229225
true,7,13.4945493801338
true,7,6.58375299332896
false,6,12.7108710791656
false,7,7.19335234498925
false,3,7.07705383958828
true,4,12.3233830489507
false,6,7.08635452805001
false,5,10.2827512372808
false,5,6.89109638100058
true,6,7.76797199842529
true,4,6.59287641881269
false,4,6.99738275564809
false,4,12.8237808062914
false,7,7.2900136530649
true,4,6.47959907507141
false,3,8.32157540805359
true,4,11.5083001558708
false,7,13.6037427606898
true,4,5.47180660070439
false,7,9.03315196067787
false,4,6.06048691889255
false,4,11.2210625494396
false,6,6.36645238454054
false,7,13.1881880482555
true,6,12.2308965883205
false,6,8.03443975844675
true,6,7.14841113461714
false,5,7.75622645118679
false,3,8.42241346740598
false,3,7.18648803154247
true,4,6.95763035124635
true,9,11.4553202617845
true,5,8.28371940058988
false,6,8.78314645969994
false,7,7.43279673641993
false,5,6.80952741845478
true,5,12.6585253455472
true,2,12.8515706027048
true,6,7.89645461332425
true,3,8.51141797983921
true,4,10.9080678308884
false,7,7.79385472931356
false,4,7.91923173867678
true,4,12.0410782107295
true,8,8.13595969297256
false,0,6.09003995754207
true,9,13.7773664792085
true,6,7.31553384555182
false,7,10.6628372946174
false,7,6.51258152645701
true,4,6.66382568503341
true,7,12.1009609783977
false,7,7.6527016489116
false,6,9.80408820619392
true,5,10.4287941143682
true,6,7.87825122573641
true,7,12.4118583008729
true,7,7.7346489359254
true,4,11.3365727997907
true,3,6.03817555629276
false,6,9.80116243967258
false,6,10.9580999838879
true,4,13.0382355845007
true,3,10.7571165790561
false,5,11.8620627187083
true,4,11.3548471867063
true,3,7.37844611798635
true,7,7.43037316181668
true,5,10.5041761105563
true,4,8.39658954510272
true,7,10.4716029694467
true,6,7.17079853535992
false,7,9.40127618885418
true,4,7.18776744939659
false,7,10.0637509779007
true,7,8.17734937638215
false,7,8.28147621334369
true,5,9.15658829310499
false,6,8.59553941704139
false,6,14.3172108913366
false,5,10.6979732014381
false,3,6.2600481786324
false,5,8.23491062315855
true,3,8.12719054248321
false,4,7.47904326233254
true,8,7.30582189844784
false,5,7.94898311354668
true,4,12.6493747585155
false,6,10.1932694111864
false,3,7.56248869464694
true,7,13.5415918361063
false,7,6.11989490661444
false,1,7.80798093973642
true,4,11.3127294929763
true,5,7.1745853562732
false,5,10.5774289225592
true,3,11.5287059867709
true,7,12.4648213389868
true,6,13.009493126587
true,4,7.49860732991718
true,6,13.0773781385373
false,2,6.94062780873915
false,5,8.57576240847489
true,5,7.23034690366692
false,7,6.10406013083074
true,4,12.2993175124768
true,6,6.42618418781795
true,6,11.9957227697311
true,7,8.32303634726837
true,7,7.68493845619211
false,4,6.59132470315978
false,4,12.3981304645242
false,6,9.27542702460732
false,6,6.79101121391177
true,5,7.16612077731002
false,7,6.97929625183076
true,2,7.88421205765568
false,3,7.48825767194659
true,7,7.81374279344041
false,6,8.07493799580413
true,7,10.3367341830038
true,6,7.68362138312076
true,7,7.09459659789416
true,6,8.82414613415046
false,7,9.65086613876704
false,5,9.17203034953403
false,7,7.64216320504655
true,7,10.2640925550753
true,6,9.26328244671221
false,6,8.32717203139418
true,4,7.76983543728134
false,7,7.70638744470927
true,6,7.95098159007148
true,3,11.9752931911142
true,5,7.73449004682972
true,5,7.58009638536043
false,4,7.6081868573185
true,7,7.79836458396573
false,6,8.05705340524431
true,6,5.95005106872789
false,5,7.79670230896605
false,3,10.1344085364962
false,4,8.37219416739588
true,5,12.5004500094783
false,8,7.92253173777165
false,3,13.3541787379795
false,7,8.42413209681438
false,8,6.71336890269174
false,3,8.10034394630394
true,7,8.53522592003041
true,4,8.47476302985092
false,6,9.89174963063413
true,6,7.87299569946446
true,3,8.04135096437295
false,4,7.38741268154192
true,9,10.3408381285019
true,6,12.0968404801889
false,5,11.6257949148454
false,8,9.05991178554236
false,5,12.8576711867193
true,6,6.65794537668413
true,5,8.01792296807993
false,4,7.5687378009397
false,5,12.9032937853212
true,2,13.155590671932
true,6,6.85865809393385
false,2,7.82389616736412
true,6,5.836617294525
true,4,7.62062610927133
true,5,9.85196999740202
true,7,11.8728929345035
true,7,12.4504168992991
false,4,8.05871977077719
true,5,8.3486532779894
false,8,8.97681642726338
true,6,11.9806994752335
true,7,11.4035884899031
true,3,7.33216547222656
false,5,6.82556786296997
false,4,7.94260756089475
true,4,11.1524229006997
true,7,7.78771973927627
true,8,14.0752075730352
true,2,7.40007451557692
true,4,8.32440126135909
false,8,11.3985163777385
false,7,11.9249995725394
true,2,12.5314662598333
false,7,7.16022605297816
false,4,7.03761980828301
false,8,8.01929139974611
true,7,7.97055254465012
false,7,8.95602739450879
true,7,11.43464642516
true,5,7.63484399117257
true,6,6.84646921456578
false,4,7.73585053507594
false,4,7.75591874967171
false,7,11.1411239485828
false,7,11.6898284469276
true,7,7.64900927746349
true,7,9.81060029799872
true,4,12.0175170818145
true,4,13.2376304431833
false,8,8.57880219101772
true,4,7.48872674900199
true,5,8.61864404014326
true,6,9.09922059095358
false,6,11.5737252897987
false,5,7.11078077599082
false,6,10.4607433445226
true,7,8.2056993398508
false,5,11.1860269401508
true,5,12.0460758110128
true,7,13.2464819802539
false,6,8.1172057380817
false,6,6.59732684603956
false,5,12.9422723148478
false,5,8.17588273975543
true,5,7.56521031275069
false,5,7.41937317425987
false,5,7.17182516444095
false,5,9.75280910876888
true,3,12.5745533856086
false,4,11.4935314774029
true,3,9.59729072253071
true,2,13.985547513693
false,9,12.1052451276875
true,7,8.32270171735827
true,3,7.86073420385202
true,3,11.6405091574929
true,7,8.51911231843103
true,7,6.34954320222323
false,4,12.3814361027932
false,5,6.88239564543068
true,5,7.64597318499589
false,4,12.622455798943
true,7,12.6792366116329
false,4,9.07038997678574
true,5,7.31668982677673
false,4,7.61120737360831
false,4,8.24297314719953
true,6,6.88855346876999
true,6,7.46973147001063
true,7,8.24914456436791
false,4,13.4793672953775
true,6,12.5897736194597
false,4,14.1572139502478
true,9,8.20705423558094
false,6,10.1430235541323
true,5,7.14591585734522
false,4,7.35183146175826
false,5,12.4162834322392
true,5,9.27874214669218
true,5,8.62384783528915
false,4,7.32913768379987
true,4,7.45056217551651
false,4,7.31561950959542
true,5,12.0196129813597
true,6,8.68647595621949
true,4,7.90208704873526
false,7,6.29781852727383
false,5,11.4036591652939
false,6,13.3996244503462
false,5,7.33991507088982
false,9,6.96455811506796
false,9,10.2799817964137
false,4,12.8471249881475
true,5,11.4131746690353
false,8,7.21977125411311
true,4,11.9886494542575
false,8,7.45534784277403
true,5,12.1706917887175
false,6,7.23174837400511
true,5,8.17692972202343
true,5,6.08269866253978
false,6,8.35878603862398
true,3,12.2729481184382
true,6,7.6911559847452
false,6,5.76274106394606
true,4,7.39737103474175
false,5,10.5384092876518
true,5,13.6073080574109
true,5,8.65250113802284
true,6,8.3775116865567
true,8,7.41525725844157
true,6,11.6001285214731
true,5,7.56798212570509
false,7,7.58308866565343
false,4,10.9346945886448
false,5,6.07330674766294
false,8,12.2186761488133
true,5,13.6911151649526
true,7,10.5503943033882
true,7,8.02856550770452
true,7,12.1062944859045
false,5,7.81981805779271
true,7,12.8611621232328
false,5,12.6149389496342
false,5,8.1349555186831
true,5,8.0645035209348
true,6,6.75238101089337
false,5,10.5221623154317
false,5,11.0219840807011
false,4,11.7382949030521
false,5,8.09741623093881
true,5,13.4975535410636
true,5,9.69268902269483
false,5,11.7071025135777
false,6,11.369329796638
false,5,7.41672467975708
false,6,11.4700937547529
false,5,8.96459049739987
false,4,11.5602398298685
true,3,7.34053232450426
false,7,6.63291092843904
true,5,8.60958100646165
false,6,11.7776642203052
false,7,7.64104442479708
true,5,11.2115921114654
true,5,12.8284431269769
true,4,7.56520898303007
false,6,7.05885326583028
true,5,6.42138687164319
true,8,11.3920339902278
true,6,8.35759173615168
true,3,14.72400347579
true,5,7.30951269090352
true,4,8.20584967373501
true,5,11.9958990442063
true,7,7.35011381297362
true,6,8.31278372145976
false,6,7.01371053978343
false,6,7.19986479217145
false,4,13.0712569750636
false,5,8.74894917046343
true,4,11.440049004518
true,6,8.47024309908042
false,6,10.6554850431913
false,4,12.3943163716633
false,8,12.8340618442978
false,9,7.34121049232561
false,3,12.450303583737
true,8,7.44516207019017
false,4,7.94655150400129
true,3,11.569474394733
true,6,9.70506293878301
false,3,6.44338593843915
true,6,6.87245570626741
true,6,6.8610410725704
true,5,6.73838574877516
true,6,11.8365577691643
true,3,12.7081505878659
false,6,6.52062772932895
true,6,7.5228827329655
true,8,11.821741156428
true,7,10.9109023636786
true,6,7.96886317483696
true,6,7.31127689298168
true,6,6.60984496501838
false,6,12.2757806715929
false,5,10.683087987
false,5,7.68439469524274
true,4,11.8094420696703
true,5,11.4648741527892
true,4,10.2718230826078
true,5,7.91260656930139
false,7,11.500886924945
false,5,7.78377258692377
true,5,8.96410964315078
false,6,11.083056269994
false,7,10.390169064693
true,3,7.85209114703141
false,8,7.60269567259135
true,8,8.5282139876778
false,5,9.51740940931795
false,7,6.96580487892139
true,5,6.50214538977641
true,5,10.9635742369804
true,9,11.4628667672916
true,4,7.42209150199394
true,6,8.769936084986
false,5,11.4245169897366
true,5,7.52088455396474
true,6,7.4486609660097
true,6,13.3346659299516
false,6,13.3854379035771
true,5,6.12466704686464
false,6,11.662394827199
false,7,8.24073727292725
false,7,6.94963157507633
true,4,12.2941095576299
false,5,7.68653715848381
true,4,12.7011861946927
true,7,11.9857167494158
true,4,6.95298784072958
false,6,6.85140484327921
true,8,13.4047923265904
true,5,9.40552114887899
true,6,7.70788415373265
false,5,8.24394693363933
false,6,7.17660265873134
false,4,8.05033412297989
true,4,8.82263276381317
true,5,13.2524214028059
false,4,12.2299921969073
false,6,9.64229957727451
true,8,8.34202187685961
false,3,7.98001432665435
false,6,6.84705311446785
false,6,7.35769453485993
true,5,11.4993968321593
true,7,7.90060166753273
false,8,13.267516739078
true,6,12.8182614253002
false,5,9.99322298445374
true,7,10.1448269853409
true,7,7.71380426062734
false,8,11.4544755743738
true,7,11.2156371733118
true,6,11.6972827956906
false,5,6.96014569265267
true,7,13.1944544675761
true,5,12.0656568504529
true,5,13.1572631425098
false,7,12.0483914577554
false,8,6.75915708373004
true,8,6.75907131512753
false,5,9.2419435788775
false,6,6.68075755494534
true,6,8.04854285125891
false,5,6.15426928461374
true,6,8.43636291078593
false,8,11.8900769496984
false,7,6.18561139667072
false,5,11.4175285703505
true,5,5.97949036214423
true,4,8.535448170296
false,7,11.2735256801911
false,4,11.59311108943
true,6,7.56862629880053
false,7,11.496982289451
true,7,14.3835578899942
false,5,6.74633775666729
true,4,8.57651915364533
true,6,6.70651374347775
false,4,11.8176214715024
true,8,6.64250738207514
false,4,7.27378666452136
false,8,10.7879938664907
true,7,12.9396719856098
true,3,6.7006377695029
true,7,7.24971150744948
true,4,8.39880754458604
false,8,13.0120936677507
false,5,6.68984738114438
true,7,10.7090986424366
false,8,8.34883704025408
true,5,8.03644296750439
true,6,14.3910416474635
true,4,6.02717176026398
true,6,12.9205455888744
true,5,6.79825344844671
true,4,11.2623896521504
false,7,10.7735718251487
true,5,12.4443935607408
false,5,7.68079995348835
false,5,12.5203481553003
true,8,8.35549162334929
true,6,12.2986166824326
true,8,8.40214306044456
true,8,13.7201757679606
true,4,10.4517219993194
false,5,12.3820759608606
false,5,10.1834702134439
false,7,8.19313432943068
true,7,11.5635872505788
true,3,6.93152489102012
false,5,10.4692580328598
false,10,7.1956328375245
true,6,7.69443786141204
false,5,10.1675374177654
false,5,7.85997124239135
true,4,10.2507231526441
false,4,7.76488756371371
false,3,6.81209231069974
true,7,11.2476512425508
true,5,11.4207473156228
true,5,8.55673801658736
true,4,7.43498187110102
true,6,6.56453453441418
false,0,11.7450740509829
true,7,12.7059351912014
false,8,7.80463637433823
false,6,7.70680338083501
true,7,10.0232462261136
false,4,10.1318631834083
true,5,7.76787994165945
false,5,6.97728378304306
false,5,12.1388855261463
true,5,12.5933155577453
true,6,11.8378589934868
true,5,7.54276391900221
true,6,14.3208760556481
false,4,8.23177214097933
true,3,6.34998178902829
false,8,9.39487703256612
true,5,8.35131024270095
true,6,10.3649196590704
false,4,11.6712135234011
true,6,11.465013974189
false,5,13.6420122739851
true,7,6.85642019046993
false,5,7.34133062691831
false,6,7.81711780267238
true,4,12.9581645632967
false,9,8.57306823843021
false,7,11.7996350871606
false,6,7.13070378195125
false,5,11.0183857026697
false,6,11.8221301124778
true,6,12.0559902388323
true,6,7.96579740133447
false,3,8.76514984460641
true,6,10.6678541541848
true,5,11.4299635018047
true,7,12.7660796446389
false,7,12.0709918767928
false,7,6.22942862411378
true,6,13.2810187517223
false,4,11.0785125438193
true,3,7.20463997481435
true,7,8.06853386775173
true,7,7.56429774873933
true,5,9.07156943504841
false,3,10.4438761834718
true,7,7.75501143416104
true,4,7.76034779979115
false,5,7.70938273354502
true,3,10.9712639046491
true,4,6.84751015709508
true,4,7.96408542911803
false,6,6.587320408251
true,6,6.78604691271793
true,8,12.965583891202
true,9,7.79059877854367
true,6,8.05371045740488
false,6,8.2221687398278
true,8,6.73055101281926
true,5,7.85469035774663
true,6,11.8495488285519
false,6,7.9937307668108
false,5,11.7032210528605
true,5,7.04132477984406
false,7,7.25693330548673
false,6,9.40747642425178
true,5,8.05856283489028
false,6,6.56344867408791
false,6,10.5916741644494
true,8,7.29753208054281
false,5,11.5189644620889
false,6,6.14184995471276
false,5,7.91989740087536
false,5,6.82305772740385
true,2,12.2641338564154
true,8,10.2729587780278
false,5,12.9329541170282
true,7,6.84436383658548
false,5,8.54809784607009
false,5,11.7397423200981
false,6,6.67746776318668
true,7,7.48687080962379
false,6,6.80612563033637
true,6,12.5616441371082
true,4,13.2312835242455
false,10,7.91241517633099
true,4,11.0498195801687
true,7,7.44107320104542
false,7,11.4253920810156
false,6,6.79472220611781
true,4,12.8933561654423
false,5,9.95932233228485
false,3,11.7712901581284
true,5,7.55303768768488
true,6,6.67033948538825
false,5,12.4695460497349
false,5,5.41385163756279
false,6,12.044146978468
true,4,7.53429142225128
false,4,6.28243937400174
false,6,7.44166210580357
false,4,8.96448022279999
true,5,7.56452318274887
true,6,8.96591616027207
true,5,7.33726854953643
true,7,7.42392777263257
false,3,11.1105694371742
false,6,9.18793488848426
false,4,14.8877834621286
true,3,12.8416394802904
true,5,7.59516211180301
true,7,7.62671363463465
true,6,11.5918366515475
false,7,8.87463148219667
false,6,8.33456025778272
false,4,7.54322940108973
true,4,8.90548752720217
false,4,10.0860514622536
false,1,7.13122321627201
true,4,5.79691804088999
false,4,12.0046906359226
true,5,6.22712068788694
false,6,13.2379647036233
false,6,7.08555794726104
false,6,7.2612306579302
false,6,7.63040243532797
false,7,7.69612623684428
true,5,8.01894471004089
true,5,13.5428454982072
true,6,12.7254626676971
true,5,8.22013043566826
false,4,7.22081579664194
false,5,10.8654140596364
false,3,11.0997369791399
true,5,11.6008738721606
true,5,9.38947693843314
false,5,12.3289840381806
false,5,6.5236447239442
false,5,9.95366289586221
true,7,10.1850205368725
true,6,7.45278580296043
false,7,7.64204223722312
false,7,11.1738414708928
false,6,7.54812576369782
true,7,12.2054121576321
false,5,6.18616616090593
false,7,6.64297954068819
false,3,8.69892434614286
false,4,6.43760918328738
false,3,6.18856824375914
false,4,6.00481834904115
true,7,7.12340476261057
false,6,7.43613965205821
false,3,7.38724713976601
true,7,7.77125298046828
false,6,10.4124710145976
true,5,8.33953037185154
false,3,7.73040339867044
true,3,11.4057952587068
false,6,9.11578613061242
false,6,8.40951021115408
false,6,12.3007176889105
false,6,12.3098207094271
true,7,9.15724064473681
false,8,12.4799570736934
false,5,11.4123109852122
false,5,9.04024727868485
true,7,12.3232701340845
true,4,11.4411333027457
true,5,6.63547974737387
true,8,8.36137455712787
false,6,7.25133666447549
true,6,8.17236317484427
false,5,7.71336614724813
false,5,7.04348825099291
false,6,7.12806832084444
true,5,7.63005277689542
false,4,7.06690309069401
true,2,12.8734785658083
false,6,11.5235120762838
true,5,7.21236571333129
false,4,12.0794044340696
true,9,9.01950718462786
true,6,11.4900866905145
false,6,8.24073555033812
false,5,8.02294956309691
false,7,12.0937052591917
false,8,12.0595278278374
true,6,8.26934183713917
true,7,7.60569892427531
true,4,10.1948476536317
true,5,12.1461054093467
true,7,7.29119745989048
true,4,6.89272681698317
true,8,11.9428058039624
true,6,7.38981815117839
true,6,13.0661233696694
true,6,8.2462215906986
false,4,8.13541409137424
true,7,11.9667924379323
true,6,7.5967612824888
false,6,7.90629026097095
false,7,13.805805236986
false,6,6.78042420499183
true,4,6.79055485629514
true,5,6.6119964649244
true,8,7.91491582732376
true,6,7.6534211658052
true,7,12.4891269048259
false,5,7.35705158615457
false,7,8.70809349724136
true,6,7.41899318744635
false,5,12.9616257419321
true,5,12.4736636971318
false,4,11.3615189416595
false,6,11.3828126837602
false,4,12.4383793758027
true,4,9.62988664273503
true,8,7.406858340323
false,3,11.9521948493836
false,8,6.85992965614877
false,4,10.5659544505965
false,8,7.26413634275187
false,5,11.2109901735794
false,4,7.83136486607933
true,5,13.7105333531574
false,3,7.33620058078469
false,6,12.8021418236335
false,7,7.76081553783838
false,3,5.46482370221476
false,5,8.8168022585816
true,6,12.0904059408941
true,1,11.9102331766177
true,5,10.7491514875027
true,6,8.31390643634769
true,7,11.2770048593838
true,7,11.9285410806048
false,4,9.45253322539039
false,7,11.158216568435
true,5,9.92658701560319
false,7,6.28353684113523
false,9,8.10694577164272
false,4,7.00138699004027
false,6,7.76952423951238
false,3,12.7520115747675
false,4,7.06166380463314
true,5,7.77456036418094
false,4,7.5508298996071
true,4,8.30504345367928
true,6,8.33058948893272
true,8,6.57125471522181
true,5,11.0312162513489
true,3,5.85598660017348
false,8,11.6580818415974
true,9,6.37268713260094
false,7,8.51595798230395
false,5,8.02062135149567
true,11,8.45856189026045
false,5,11.4612434771859
false,6,8.0179613331228
false,4,11.8498652688891
true,7,8.85350436886943
false,5,7.59364265237406
false,5,9.60600982461762
true,7,14.3187487559851
true,7,7.25575679898259
false,9,10.9613155957904
true,6,7.7382903036675
true,4,7.6194521931402
false,6,7.13372395547719
false,6,11.5918951925093
true,5,7.10010586963908
true,3,8.00781407106017
true,8,8.73602811051113
false,6,11.0168151626045
false,6,8.14934601090849
true,4,7.59492040497145
true,4,7.54705926397801
true,6,6.66294307983988
false,4,9.72109455676255
true,5,7.84361329992047
false,4,11.6983598131139
true,7,8.48280737288945
true,3,7.07228558837498
true,3,12.4926972170759
true,6,7.68170465276603
true,5,7.32824063417695
true,5,10.2325811904029
true,6,6.75936854821277
false,4,7.6296798104274
true,4,11.6471580000942
false,4,11.7256805816436
true,6,10.6470216334389
true,5,7.36386072075495
false,7,7.88095617150094
false,5,8.30632162964682
false,6,11.9944808819183
true,5,11.2505367260668
true,4,7.12470424309003
false,5,7.67633070575284
true,5,7.74424058864036
false,8,12.6989738181762
false,6,8.04416868530427
false,6,6.58183279242061
false,7,7.31426413193134
true,4,7.05041905793172
true,5,8.8124706848876
true,5,8.63522753739084
true,4,12.1035402886507
true,5,9.71848816923652
false,3,7.95105740487452
true,5,12.0193766524005
true,4,11.8966020105219
false,8,11.2477263195662
false,3,11.0280469295964
true,9,11.854161838558
false,8,10.2706432759317
false,8,10.788728953262
true,8,11.4092941017221
false,8,8.33670168599873
false,4,11.5338783812353
true,6,7.30430699254597
true,5,9.81574176212804
true,6,8.6027099470727
true,6,12.0605617924054
true,5,7.06801821648378
true,3,12.9730314881518
true,7,13.4751662858156
false,4,11.2321371475229
false,6,13.0041199801176
false,4,12.5497374161637
true,5,8.10610687446337
true,5,7.39906577100049
true,7,8.28131419740061
true,4,6.83322139313957
false,10,11.4192958394325
true,7,8.88908927061457
false,9,9.75685434906834
true,7,6.54487640036325
true,6,7.80651685789815
false,6,12.2901427994276
false,5,7.48447432901886
true,4,7.95563909157229
false,7,13.3231730423276
false,4,7.51613943286387
false,8,7.05093540208816
true,6,8.3917430244751
false,5,7.08313063513262
true,5,7.94552874641343
true,4,9.37011701743642
true,4,6.57761431759427
false,6,7.43537115055754
true,6,12.6303937962663
false,7,11.5744294437323
false,4,7.33937054450812
true,4,10.6499568986503
false,6,6.9177942263411
false,7,12.3714757414605
true,5,7.25274357176583
true,6,6.82818258720203
false,6,11.5006303307338
false,5,7.41093374684438
true,5,12.3919654175027
true,7,12.6415939608255
false,4,10.1602946679396
true,6,12.6369907594443
true,5,10.8647768807323
false,5,7.32049951424151
false,5,8.35798173803702
false,4,12.7834585357853
false,7,8.04730638924879
false,5,6.42744359949089
true,4,10.7035357498068
true,7,8.92384942043946
false,6,9.7256513658731
false,7,11.1105563757634
true,5,8.2717951484471
false,3,7.41962859857967
false,7,7.13980312576777
false,6,7.48418631779469
false,6,13.6114288812298
false,3,8.30804361308148
true,7,11.3529115572083
false,8,10.125915214315
false,6,7.54615075813857
false,6,5.97849073205273
false,4,7.83225415266534
true,6,6.85896308784116
true,7,12.7660346133904
false,5,7.43150999628512
true,5,8.36305700926189
true,6,7.88726628992362
false,9,8.28214695575722
true,4,7.60532934658086
true,4,6.76819691045421
false,5,12.5120128701153
false,5,9.55821251615114
false,4,11.3277255048741
false,5,9.32464017160562
false,3,11.7451512211917
false,4,12.7703431105407
false,7,7.99791831196024
true,5,6.18280103235508
false,5,8.9769569190415
false,6,11.7015064024753
true,6,8.10993890423452
false,4,7.23108543432729
false,7,7.69224166103052
true,8,10.2660489599008
true,3,8.47119645943261
false,6,8.90033467754293
false,4,7.97140680758949
true,8,7.65232807405205
false,7,7.63120756359876
false,6,12.3490174964663
true,5,11.5281328518786
true,4,12.6300366974529
false,7,8.58260502535583
true,5,7.27735753800304
false,6,6.67063759162458
true,6,7.12691941633749
true,10,12.2991238196391
true,2,6.92130578387464
true,8,12.693273647562
true,4,11.0877206989504
false,7,7.29283695139158
false,7,7.4592041281104
true,2,7.90176523366605
true,3,10.8320412119885
true,5,8.46768847203888
false,6,9.05297632175092
true,9,11.270025965424
false,3,6.95543157693274
false,4,7.73727992261746
true,7,11.8591118936122
false,5,6.85413380511622
false,6,8.22581203603586
false,8,13.2357511283754
false,7,7.14092282128029
true,7,7.1052661874238
false,5,7.78607123120521
false,4,7.41698479453443
false,6,9.74278218452216
true,9,13.5154631758404
false,6,6.8905488225476
true,3,6.37483271099299
false,5,8.38897563121297
false,8,8.04800407179809
true,3,7.67736877699367
true,7,7.74339470393682
true,2,5.5475836471143
true,6,5.50698934650292
true,6,8.17017833541271
false,5,13.5650021780013
true,8,6.16541533882826
false,3,10.779995511677
false,3,7.45763353186731
false,8,7.73979752167348
true,8,11.7306622314108
false,2,7.09608839630913
true,6,7.03077973663399
false,6,7.00061484001406
false,4,6.587584299792
true,5,12.1693995611511
true,5,7.09627825009738
true,7,9.66961421682223
false,4,8.62994313839625
false,2,7.73443599306416
true,8,8.46184930515667
false,6,7.09568802935643
true,5,11.3033401779003
true,7,7.16648062173016
true,8,7.80136234104463
false,6,12.8790508841034
true,7,5.87163795629936
true,8,7.32982394541123
false,2,7.90987065404868
true,5,11.3914489602987
false,5,8.74019171928464
false,1,5.53500042894835
true,4,11.4874601147821
true,4,13.3237907649564
false,7,9.75506716691388
false,5,8.32139596154585
false,6,8.45257452852332
false,3,12.086028148267
false,9,12.3442834785388
true,6,6.95337593928465
false,9,7.83523233879191
true,7,6.71640158731549
true,7,7.87934473626163
true,8,7.21032293011198
true,5,11.7523401984376
false,6,11.641343807998
false,3,11.6594154204022
true,2,7.5875328824565
false,8,7.72046317899468
true,6,11.7594837533061
false,8,12.0952601440967
false,8,8.0140000399221
false,8,11.4892579367994
false,7,9.79923263847688
false,4,11.2560798928453
false,8,10.6123355951697
true,7,10.8641801230548
false,7,6.09920334613503
false,7,7.86320291946364
true,5,7.2627516968421
false,7,13.1081433146778
true,9,13.5356990508426
true,8,12.2119431377634
false,5,7.35979114091237
false,9,5.34129312033475
true,7,6.76921049467934
false,5,6.873727877093
true,5,5.22111339535075
false,5,6.21515585575185
true,6,7.04940202261628
true,4,6.73607286117863
false,7,11.2965380183044
false,4,8.31981537533911
false,4,7.38001249176662
false,6,6.3569336875472
true,5,6.08751588324682
false,6,10.8499156072914
true,4,12.8347505451444
true,5,12.2127689609419
true,3,8.41618260921834
true,3,10.8412728261366
false,4,11.2889570308109
false,5,5.94064472501017
true,8,11.4179405983434
true,3,7.52797525379511
false,5,8.44735214127248
true,4,11.0853856529049
true,5,7.72022359592296
true,5,6.36408162088244
false,4,8.22062233594501
true,6,7.46042928514832
true,4,8.96412747002271
false,6,7.79540257352746
true,6,8.72383325703654
true,5,7.76865031393547
true,3,10.9548548704723
true,9,7.43774574173585
true,8,8.45294184531144
false,6,8.33373068180599
false,6,11.9257678914072
false,4,7.93490876606083
true,3,9.49165652258422
false,7,6.76941502069417
false,4,12.5110417566145
true,3,7.22051749145507
false,5,6.88568864369352
true,4,7.61371940279296
true,1,6.28689219108332
false,5,11.1607309627722
true,6,7.87871566496206
true,7,7.90558303251521
true,4,6.76985464928479
false,5,8.30972622501805
true,7,7.06223292150236
false,4,11.3839011570694
false,7,12.4166939183181
true,5,7.31700526796374
true,7,7.88987299725525
true,7,12.259414274442
true,4,9.26975077088554
true,4,7.39728486330139
true,6,8.43433537457281
false,5,6.49830731219229
true,8,10.2560819889992
true,10,12.6524553032412
true,9,7.65944804425654
true,7,8.49639678844903
true,7,7.30126550812987
true,5,8.29700292609635
false,5,10.23302754042
true,5,9.66712729588387
false,7,12.3375198055334
false,8,12.2966319082566
true,8,11.9116048433315
false,4,12.2101638155594
false,7,7.63379553410343
true,3,13.0561303240573
true,7,9.05742151590088
false,5,6.8159887677376
false,7,6.41161033042265
true,2,7.95577381799001
false,7,8.55537189217752
false,8,8.559619988472
false,5,7.71348031304852
true,2,7.16507913819625
true,2,7.11893293508326
true,6,9.55977534065864
true,4,7.03116890605191
true,3,8.3349258347171
true,8,12.4733762278983
false,5,12.258003292185
true,3,11.7637879021802
true,4,7.84167910162014
true,5,13.2199731307394
false,5,12.0974810869888
false,4,11.7195242503651
true,7,10.3613908485768
true,7,6.36883112081943
false,6,13.8663937276464
true,5,12.386559207528
true,8,11.4035928667865
false,8,7.89752198140806
true,9,7.06525645003751
true,4,12.272273727118
false,4,12.1923915854614
false,5,14.9992193652224
false,5,7.4692137443264
true,6,12.266139834732
false,7,6.88468100409971
true,7,7.05273384897331
false,6,7.7844936708448
false,7,11.3298747975602
true,4,7.56893517724979
true,5,8.76733765397376
false,6,7.13199331104564
true,4,11.7292367596057
true,4,8.50189998022931
false,8,12.2020382032245
false,7,8.99682121024798
true,6,11.8669620869028
false,3,6.90227942833571
true,3,12.6751969838028
false,6,11.7144329029961
true,8,11.0786438604282
false,2,11.4412577329571
false,6,13.5777684627019
true,6,6.91525081584368
false,5,12.5721830858001
true,3,13.0993602768281
true,2,7.4621506086071
true,3,12.6750955139289
false,3,10.5891561096489
false,4,11.60090646406
false,5,7.33604272031244
true,8,12.2628283301629
false,8,6.6666677785383
false,8,11.6876667825073
true,4,8.00634638996378
false,6,13.038907725561
true,5,10.5001234738608
false,6,13.1919543362845
true,9,14.056345555105
true,3,11.1994001936329
true,5,7.72310052609204
true,3,6.96932074263548
false,4,10.8654645256604
true,6,7.89990673750522
false,6,7.66475357851591
false,5,10.4012709941023
false,5,7.89445974177883
true,4,8.24977851518099
false,5,11.57254185808
false,7,9.25422515985956
true,4,12.0143466423484
false,4,13.2071465695692
true,7,12.2238447221032
false,7,6.32807798161625
false,7,7.41484058215199
false,7,6.90261664484301
false,4,5.47623935473532
true,5,7.83659950187857
true,4,6.67288588845621
true,8,6.68827694835878
true,6,7.60797906707717
true,9,7.58109516750307
true,8,8.11254459473486
true,7,12.8128850828677
false,5,12.889056081074
true,6,11.8068600388916
true,6,6.4318420296664
true,6,11.4070360412396
true,3,7.33459812106947
false,6,9.68187422264703
false,3,6.7282909825316
false,4,10.8735329883523
true,7,12.5339913745285
true,9,6.22434542072633
true,8,12.0869499447855
true,6,7.10456122473621
false,5,11.7223966845386
true,5,7.93914294422757
false,8,8.05235771334542
false,5,7.47358143441499
true,5,7.95980341007225
false,7,7.61652917480187
true,8,10.5328899863319
true,5,11.6063470872718
true,7,7.92398701249465
true,8,8.12219560576414
true,5,7.49807878855262
false,6,11.2624491139859
false,7,7.78962703040878
true,7,8.76897144386444
true,8,8.3539597742639
true,6,14.8644238173737
true,2,7.88090534012255
true,7,7.66226746023725
true,8,6.91970713018884
false,8,8.38933359303691
true,7,6.36789154306303
false,4,7.45452980239908
true,3,6.10830612553086
true,6,6.50623577793256
true,6,8.77647314665017
false,6,8.54460456038734
false,9,11.7902229686684
false,6,7.94557973531605
true,7,12.7547908361283
true,8,11.7993330862284
true,4,7.2877143742179
true,8,12.4961456285487
true,6,8.55680584747497
false,3,8.04085844308645
false,6,11.0077780735198
false,3,11.6479178668206
false,3,13.278912530928
true,5,11.5084807322062
true,7,5.56013218834749
false,7,7.74457162187145
false,7,11.2335770904779
true,6,11.8559188274363
true,5,6.38015086303543
false,5,7.06990038193413
false,4,12.1867460826923
false,6,6.68682653296074
true,5,7.44139143076138
true,2,6.83502719241626
false,2,6.89520219135604
false,4,6.98831692553371
true,6,8.73240706599432
true,7,10.0463419457987
false,3,7.39242363000201
false,7,7.21802828282544
true,7,7.99440288372129
false,5,10.193093414531
true,2,9.04125070959952
false,4,10.2301866921647
false,6,5.42384051881527
true,7,12.4302950293416
true,9,7.15790006100618
true,8,12.576626422132
false,5,11.6632851260218
false,9,11.0497366410338
true,6,9.73734730402556
false,6,8.2767615721711
