false,3,9.36078591241544
false,5,9.4621721368693
true,5,8.25605105529771
false,7,6.00374127286116
false,6,12.8096284837856
true,6,6.23290285750628
false,4,9.46202213121465
false,4,12.1395316638857
false,6,14.9462640054937
false,9,14.8186677402506
true,6,8.0921774575901
false,8,6.52609660140209
false,8,12.3033593480594
true,7,12.29357240445
true,6,5.99408307268402
true,8,13.0743103846651
false,7,14.2083678090021
true,7,5.11269033321671
true,7,9.52878813396478
true,6,7.14434464132657
true,4,6.75938946708402
true,4,9.01017252778838
false,4,7.06416727156003
true,3,12.478944714872
true,6,11.5428726673229
true,7,14.1474062624253
true,3,10.803173624575
true,7,8.43003802603721
true,8,11.7274106697703
true,7,13.0294088645242
true,5,14.1722200357754
true,7,12.3223766414831
false,4,9.1137862648891
true,5,7.38382807693514
false,5,5.45789410687341
true,6,10.784621717891
false,6,5.56013917406976
true,6,14.2987545977481
true,7,6.75234163008496
true,4,7.2425913991218
false,4,10.042212900237
false,7,8.52951995532384
true,7,5.70153604345221
true,7,9.88606117668428
true,5,8.42736837477671
true,4,12.9650207670004
false,4,9.11696881074019
true,8,10.1012240563046
true,4,12.4974435755511
false,7,6.50817327519116
true,5,11.0330116192045
false,7,11.9149984608734
false,4,9.84530843777369
false,6,11.8243535699123
false,8,10.2186277967348
true,4,5.34588384777328
true,6,7.39327532845549
false,6,10.7833995619937
true,4,9.46716182710624
true,6,13.6685154429283
false,5,10.4360224544993
true,6,6.02725456832366
false,4,5.4073914572616
true,5,6.91212560411575
false,6,5.64171816762136
true,5,10.776094037675
true,6,12.418603558081
false,5,9.91480173427049
false,7,11.8309487607228
true,5,10.215754576361
true,9,12.5094416737416
true,6,14.9159064328219
false,5,13.3666419246997
false,6,7.2814671979892
true,5,12.1084249626576
false,5,13.2361627333282
true,5,8.30390694748239
true,5,12.1843993164437
false,6,9.04684680324146
true,8,13.5841451218905
false,8,10.0257079148314
false,6,5.69722003141668
false,6,10.9388876720541
true,7,10.2145078577254
false,7,6.99166770846584
true,4,7.25249203804827
false,5,7.4723386668556
false,5,12.2957259165448
false,5,12.1714935017684
true,4,5.10728072224636
true,6,8.38661685258176
true,7,9.78303283364401
false,2,9.82686323378811
true,6,8.09011940872464
false,3,11.8128621661905
true,7,9.01022879505955
false,9,8.11739896120846
true,5,13.7957036609045
false,3,9.23961347220914
false,3,12.6575675586697
false,8,5.54168767206568
false,5,14.2084602980377
false,7,13.2765685171498
true,6,7.27695946233632
false,5,9.00502482301759
false,6,11.1233984079506
true,9,13.5546497577416
false,2,7.55911170293071
true,3,14.7222218288227
false,5,11.9887582849746
false,5,12.0482701218589
false,5,10.2151692335797
false,6,6.7318232218985
false,6,10.8893099267838
false,8,8.63807799124317
true,7,9.7340728862288
false,7,10.0946601178375
false,6,10.1991768211042
true,6,14.9267511172179
true,6,13.3955193511411
true,6,8.29902583396564
true,7,5.11814810468238
true,5,12.7496014540701
true,5,11.7189385016226
false,6,6.82440818692544
false,6,7.72167930324377
false,4,10.08431366218
false,1,10.2717929791213
true,6,10.4748982533667
false,5,8.09346663074425
false,8,10.1140342352659
false,6,9.51449650814592
false,4,7.94005630738083
false,7,11.3955724661398
false,6,13.037727912971
true,5,10.8235408383617
false,9,7.42694473583489
true,5,8.65719867286401
true,4,6.20475349785398
true,5,10.8745625220832
true,8,8.70413550187465
false,7,14.9195201854929
false,5,12.5797973092901
false,7,5.17800567994001
false,7,8.06530382195547
true,4,13.17774084057
false,5,8.04648007489173
false,4,13.9438465285723
false,6,14.4583346390495
false,5,7.07405974310796
false,3,13.92186189879
true,4,12.9245153616722
false,7,13.8752457652545
true,7,10.850387342636
false,5,9.35381218785026
true,7,5.41881003052952
false,4,6.45412930711381
true,5,6.55290047867337
false,6,5.44782173855711
false,5,6.27861598292004
true,6,6.0343552089168
true,10,8.27812724176652
true,6,12.090506671132
false,6,11.6240256612247
true,6,6.86999451285487
false,6,7.52904407685918
false,7,7.27038338934512
true,4,10.3425439773267
true,6,12.8578752353808
true,5,12.8208303744495
true,5,7.30239861354013
false,7,6.43273190811975
false,5,8.98969378639648
true,4,9.04745905828091
true,8,9.68665431241265
true,7,8.38579887004075
false,6,7.54464401696023
true,8,12.5668662372763
true,4,8.64890514281339
true,7,8.6529605679234
false,4,14.68149244992
false,7,11.1467603551757
false,4,10.8197515616398
false,6,8.39610897340492
false,2,9.17789795352224
true,5,12.1958120951617
false,6,10.6455439644594
true,8,12.0959621863128
false,6,7.03703074143573
true,5,12.6141883455877
true,9,9.36468199439407
false,8,5.86931472030774
true,2,8.20464739745312
true,4,14.9324307365019
false,9,9.83547777631263
true,6,5.42127872325435
true,4,7.82428397750705
true,7,5.95104211121171
false,6,13.3143043886531
false,5,5.5315302082425
true,4,10.9026279143711
false,3,12.710229319133
true,9,6.08124175633781
false,5,6.63277472774619
true,7,14.7779543511358
false,5,12.4844004538165
true,9,8.93009203842196
true,7,9.82305717011986
true,7,6.15900349336961
true,9,5.96328378095573
false,4,12.8804592351373
false,7,8.89355629140549
true,5,12.910288557428
false,7,11.8011543922017
true,6,6.603416754568
false,9,9.89388807530911
true,5,12.4646689016947
true,5,8.68966816087334
true,4,7.44139817084863
false,6,9.68047563926116
true,4,11.8897933339678
true,8,10.1807144246003
true,7,8.3007836990372
true,8,5.23895735293926
false,7,8.45141884320165
true,7,6.4283543563786
true,7,13.2343777322346
false,5,9.06355627146254
false,9,14.2182745035363
true,6,9.26064605230453
false,6,5.55678535567992
true,3,6.58887236889473
false,2,14.2588550701912
true,9,8.1126453977171
false,4,12.7566258751203
true,7,6.96653359393325
false,6,10.0607890619841
true,5,9.18224729703987
false,2,8.6244478438371
false,5,11.6997907212738
false,6,8.26099051988597
false,6,5.81775725748573
true,6,10.9322291560894
false,3,6.06901742362623
true,6,14.7400223320184
false,3,5.4663961661348
true,7,7.96531938444776
false,4,11.4097862268194
true,6,13.3242844450801
false,8,14.9478829225715
false,6,7.96290304312767
false,4,14.1409090382017
false,8,13.5159371619311
false,5,8.62909921253819
true,7,8.64803009584269
false,5,5.71718395291699
false,4,9.40471608324202
true,6,5.83755486654477
true,6,13.1876491061125
false,7,13.3448704579034
true,6,14.2563159431499
false,5,14.8728289885274
true,4,10.6110758881516
false,6,11.9046506626331
true,4,5.40176888842203
false,7,11.2868573293888
false,7,9.64099444278231
false,8,9.79291362285709
false,5,14.0508217386494
false,5,14.6431763822027
true,6,14.839392234893
false,7,8.27769206780102
true,5,5.06049078018247
false,5,10.7479006711429
false,5,6.41475558252141
true,6,11.0673065396283
true,4,14.254778490079
false,8,7.2270367385572
false,2,5.50522824248884
true,5,7.98029314021307
true,7,13.4693281934988
true,5,6.81986196856142
true,7,10.7455650479504
false,3,14.2766848025327
true,4,6.29301347232307
false,6,6.42216953904622
false,4,8.07922842853165
true,7,10.6250263207992
false,4,14.4709085234424
true,2,12.0347123853495
false,5,12.5681107322592
false,5,9.21850465858555
true,3,11.0008914124953
true,6,10.2858706075017
false,6,12.4497679996919
false,5,8.39445475292656
true,7,10.2129745909021
true,4,14.0338717150243
false,7,5.66251899835042
false,6,8.44843546577586
false,7,10.8316949449205
true,7,13.1786989831587
true,7,12.365257709738
false,5,13.6874012844454
false,4,5.10376115082474
false,6,14.6915041968946
false,5,14.0756887211655
false,5,7.76330695393443
false,4,7.209614093163
false,4,12.5870167777824
true,6,6.46869868440603
true,7,7.17294980783105
false,9,5.32759708720215
true,6,10.2026264290457
false,3,14.8818354859726
true,8,12.4317244377347
false,9,9.12253440372324
false,8,11.3406843071868
false,7,10.6069076534562
true,5,13.9858925709438
true,7,8.20289936400334
false,5,14.0222613435511
true,6,10.3282983209827
false,8,7.01137981644613
false,6,7.07033611308974
true,8,10.6161580394537
true,2,12.2830938768737
false,7,9.78091339424881
true,5,13.304425893019
true,7,13.0265940511628
true,3,5.84960241187238
true,5,5.21617723820089
false,6,6.559788203353
true,7,12.063085998281
false,7,12.1548914168606
true,7,5.28589967348639
false,8,9.46089748039141
false,5,12.064456985073
false,3,14.1681941148542
false,8,6.60780249699642
true,6,7.35277403944876
false,5,5.31119193774344
true,7,8.41068269078243
false,3,6.87916220880625
true,4,10.5612841640897
false,6,10.3904313875744
true,6,8.88617803452962
true,7,5.79353544659585
true,8,10.410328343097
true,3,5.01331402510347
true,5,14.2782135707713
false,8,13.8785835052833
true,8,8.42223452471428
true,5,6.68291964897461
false,6,5.24080656491874
false,4,11.8157268229374
true,4,7.84567112532222
false,7,10.3491483564381
false,4,11.6123356345019
false,3,9.49389633293906
true,6,7.40368078316717
false,6,9.29004579006287
true,6,9.46517428248346
false,2,9.18931326356814
false,6,11.7326848290562
false,7,6.24779190935136
true,6,5.60843206762427
false,7,8.27080431048917
true,6,13.0540282337531
true,7,14.5912062756324
false,6,7.96609742048947
true,4,12.0643706402183
false,5,12.1787834139006
true,6,8.99437561960603
true,3,11.6283889946413
true,6,7.88697788940612
false,5,10.6068491159149
true,4,8.44440657532264
true,8,11.4563888739244
false,7,11.6861979470833
false,6,6.72525046807027
true,7,11.4848288934241
false,3,14.3768782727197
false,6,13.2863823310617
false,7,13.7546737019595
false,5,6.97731212815707
false,5,11.8002359350546
true,8,14.8831617759464
true,4,11.8175498965084
true,5,5.33443505706942
false,8,12.4465217697322
false,7,14.1180423455213
false,3,5.44739181371733
false,5,9.6695682450614
false,4,14.2104149353972
false,10,13.0690214709539
false,7,10.852310876828
true,8,14.2276626487823
false,4,10.152770601318
true,4,9.30876271788455
true,6,9.77726978309634
true,5,5.61064418718667
false,4,7.74580043441074
false,7,10.8254152890326
true,7,12.053509826182
true,6,7.20911339369928
false,5,6.69507055452893
false,6,14.4341521266762
false,4,10.0608238759013
true,3,12.3601218970806
true,4,6.20414817016872
true,7,14.4075577715676
false,5,13.8990527040817
true,9,14.9324309089865
true,6,7.763916328015
false,2,10.9251451113111
false,5,9.91946073891111
true,7,11.1850851729897
false,6,10.4409327831766
false,7,9.75064316404536
false,6,9.45384919586476
true,7,5.73156351324588
true,4,11.4595476355487
true,6,12.7148636398299
false,3,7.13995496904649
true,7,8.85434829653615
true,11,11.6122492896471
true,5,7.50448563198542
true,7,9.79025390577678
false,6,13.5656607452554
false,7,12.0409602341461
true,5,11.3854796887006
false,5,13.2979291955726
false,6,7.14289661918609
false,7,6.90419862713322
false,7,6.10987674402983
true,3,8.73429892215954
true,6,8.54673344683335
true,5,6.22814296802594
false,6,11.5408307714065
false,6,5.27751203677436
true,7,12.3723770299463
false,6,9.81760836319126
true,6,14.4637212209958
true,4,14.1365801084687
true,7,13.0452572197326
true,6,5.21426010458587
false,7,5.5212541262988
false,7,6.90092238019261
true,5,8.28054028723236
true,5,8.144831195189
true,6,14.6735189254062
false,5,8.78200032875191
false,6,5.3973979004189
true,6,14.8612067435878
false,9,9.04097673299669
false,6,9.15738977320595
false,5,10.0372300161488
true,6,8.68073078313235
true,5,8.19443199279206
true,8,10.6031573256201
true,8,14.1968781441115
false,7,9.63916868404569
false,8,11.501456352214
false,7,5.3144321260807
true,4,9.82496170303612
false,6,6.1048990391412
false,9,11.7514265480418
false,6,13.0235027449995
true,4,6.6493100471314
false,7,7.18611665229778
true,5,6.36799775522398
false,7,9.95221266811002
false,4,13.9063952333381
false,5,9.46840159041722
true,6,12.0877653874864
true,4,10.9202483716226
false,5,12.0021196361209
false,6,13.5845767529292
false,3,9.1009909708819
true,3,8.63535865509649
false,8,11.0862656264946
true,7,5.59883371493902
false,8,6.50498408169064
true,5,10.4161000132126
false,6,12.3737345303079
false,3,7.59874982309491
false,4,12.8958017582999
false,4,7.28798309716629
false,6,12.8695151157045
true,7,11.9587801923919
false,5,13.7033621275787
false,4,14.872295885269
true,5,13.0400041968019
false,4,5.93294390893257
true,8,6.08692711423085
true,7,7.72847880904688
false,7,13.3224452325453
false,4,14.1445595580614
true,4,9.3068888685788
true,5,11.9356286437376
true,5,8.46912677811208
true,7,7.50404460286726
true,6,5.24688279620744
false,5,6.0896940980808
true,4,6.77210390311124
true,6,9.71657672044242
true,6,9.88189831698177
true,6,10.9352895315697
true,6,7.76871181924761
true,3,13.1270215829421
true,5,12.1615633586531
true,8,11.4589464847876
false,5,14.5860330338184
true,8,14.5653665592636
false,6,14.5231849206935
true,6,13.5933148923187
true,3,8.12945506550127
true,4,6.08062680214758
true,7,7.94699081734078
false,6,7.22148234308743
false,2,8.21539050240927
true,5,9.45871391402171
false,7,5.14925809244122
true,8,9.69682307630752
false,7,8.48904774628708
true,4,6.50199509152297
false,6,11.9185016928761
false,7,12.9687217875518
false,7,8.37674493933259
true,5,9.35455704158574
true,4,12.6040963606453
true,9,12.8638532996275
true,4,9.27295834749661
true,6,12.1716555487123
false,7,5.16150234013063
true,5,8.57749148677353
true,5,5.3472213818778
true,4,5.41056044675605
true,9,8.63926657324758
false,2,7.65242827301171
false,8,12.7231447276811
false,4,6.95578268987647
false,4,14.5255644994867
false,4,14.7487867543304
true,3,14.8035100553068
true,5,7.23968610593727
false,9,5.28153331459678
true,5,13.4809308591063
false,6,6.41605220980701
false,6,7.49990544348014
true,5,14.6053169651136
false,4,12.2370888935439
false,5,11.1928392038668
true,6,7.08067698863759
false,4,8.71550860447455
false,7,14.0167060856584
false,5,7.35005697357227
true,6,10.5563529414679
false,4,12.6069395733617
true,3,5.26537927473449
true,6,12.8043682491343
false,9,11.919469750998
false,6,7.55381505538331
true,7,13.4204479992299
false,4,5.51819568544299
true,4,14.3040032805936
false,7,7.18125860043725
true,5,7.40964794825237
false,7,14.3991346822791
false,9,10.9409638970662
false,8,13.2413639735871
true,6,7.71416508189144
true,6,12.447653450468
false,5,5.28983300747529
true,7,9.5046308369743
true,6,6.25487827567902
true,3,9.93944263610303
true,7,5.40676455967876
false,6,9.89960624256872
true,7,6.24463210349603
true,6,6.21573224007241
true,5,13.4438640553378
false,7,11.547940040891
true,3,5.87210995899867
true,7,9.75553329804013
true,8,5.36227793024758
true,3,6.66628455890693
true,5,7.18755182200524
false,6,8.45141740738396
false,6,6.15108947604026
true,6,6.22270497634748
false,4,9.79716166197789
false,6,7.80991409496234
false,5,8.36915776165931
true,3,9.85435324544543
false,5,5.79894543982936
true,5,14.4082608560612
false,5,6.10038696340303
false,3,14.2258615320337
false,7,5.49477723785946
true,4,5.05369796864625
false,5,12.8781785879124
false,5,14.0880893983952
true,5,10.4813815343088
false,8,9.26483469146101
true,5,11.8864223463684
true,5,14.7957286646439
true,6,10.8982766595377
false,5,12.5823393732313
true,3,7.45590079194175
false,3,9.07253391270156
false,6,6.93856287703972
false,4,5.65201716204542
true,7,11.3575779330119
false,7,14.0559402562301
true,4,14.3667974153644
false,4,5.36680017325322
true,6,6.67697555953086
false,7,8.66018516433596
true,3,5.15118821834163
false,7,12.6329891848328
false,2,14.9990078565702
false,6,13.9645237624364
true,4,13.2433156693851
true,7,9.71352938386498
false,3,8.43947277475545
true,6,14.9105442084971
false,3,9.0737661519549
true,4,10.4417729835978
false,6,8.70095586029116
false,10,6.85291064118586
false,6,8.83432613584622
false,6,6.18719624921308
false,4,9.40009946785548
true,7,6.186204597996
false,2,8.34384687372799
false,4,14.3620678785107
false,6,6.06182896972845
true,5,11.6135684891056
false,4,12.8754041732397
true,5,5.57284248717162
true,5,10.7743011209372
false,6,9.61150567034194
true,7,5.99078707858843
true,10,12.0848487849067
true,6,14.2904353208758
false,5,9.14041496307869
false,7,11.4586293835184
true,5,9.31951072699723
true,5,10.493849051649
true,4,5.42741572972236
true,3,12.7265557596765
true,8,12.4464950206351
true,5,14.0699437768383
false,5,7.86808127459461
true,4,5.05999119021424
true,6,13.919948047044
false,8,5.84004419215628
false,4,5.76312261359
false,3,5.82063237985178
true,6,11.9821713594393
true,8,10.7172329758353
false,5,5.45177413908611
true,6,8.87665397608635
false,7,5.59826061390211
false,4,5.23347824000156
true,6,5.74663709097287
true,6,11.2582109157579
true,2,10.1666437981621
false,9,10.7073638456483
true,5,5.00111465388071
false,10,14.3112644250928
false,6,10.0697002919932
true,4,10.7910742126642
false,3,14.584638952738
true,5,6.85395852704188
true,7,10.3837647928043
false,6,12.9690071469942
true,5,6.15373734762463
true,5,10.4293872845572
false,6,14.3053510332448
true,5,8.44718528812489
false,2,14.7605486465257
false,7,14.9542171535168
true,7,8.26881059371502
true,5,9.13264810307734
true,4,11.3941243367791
true,4,7.1235456939428
true,5,6.52728865640709
false,6,6.12148387092798
false,6,9.43019204825199
true,4,13.5172941495006
false,6,5.29397681928467
false,4,10.7882065724001
true,7,5.88850327694667
true,3,9.86190273290434
false,7,10.3177974449973
true,5,5.73012215740182
false,5,5.38779692783254
true,4,11.8466410080514
false,5,13.5390686930491
false,5,12.8884972688887
false,3,6.28725604850252
true,4,13.6184401029169
true,4,10.4891195147952
true,7,6.12244452619758
false,4,7.65212593082954
true,5,6.65069127111707
true,6,14.4915980456683
true,5,6.00939321069894
false,5,9.68251961897795
true,6,5.94621136319602
false,8,14.6926000660996
false,6,10.3400285506008
false,6,6.52157456817501
false,4,8.53025653446062
true,7,10.9629775508776
true,9,5.50385020713726
true,5,5.60311384551754
true,7,11.4719057323928
true,6,8.84564712479041
false,5,13.6293846185981
false,6,9.72619272249706
false,4,9.04043039038036
true,4,6.27244226054253
false,4,6.48899907206739
false,5,14.0125580689543
true,5,14.2877869411611
true,6,9.89784139886377
false,4,9.71800668297987
true,7,11.5424543036126
true,6,9.64891309854868
false,5,12.5764806823079
false,5,9.31338956114127
false,7,11.8966118130761
false,5,6.41212422750223
false,5,7.15519970276858
false,4,6.13737900675497
false,8,9.46036810186786
true,6,7.14163653066366
true,7,6.47579263539402
true,5,9.7387035288083
false,6,7.63824086984252
false,7,5.51316590885437
true,5,11.445257473518
false,5,8.4792511482022
true,6,13.830987304969
false,5,9.96024149025189
true,5,9.26190246737131
true,7,12.364539964054
false,6,13.9052184035947
false,5,9.80921770100625
false,6,5.1222787750305
true,5,8.92218441700777
true,6,7.99626434640716
false,6,14.915977296019
true,3,8.15757500953791
true,7,12.2531188796902
true,7,12.3412683055206
true,4,8.99539090587404
true,4,7.11617967881126
false,4,8.37063221123643
true,4,11.7591430938213
true,5,9.76886182583461
true,5,9.47323212865435
false,4,5.0288769835755
false,5,8.37602390245613
false,5,10.3744809681046
false,5,13.4497099590926
true,6,5.104720803819
false,5,6.37032729483825
false,4,9.82086900726885
false,4,11.0497753268374
true,4,13.4677705364219
false,3,9.99138356014496
true,5,14.1132368175501
false,4,10.9864142119018
true,1,9.20829727678892
false,5,12.6014661384303
false,3,12.7994843339083
false,3,7.66430498866642
false,7,9.04758704184865
true,5,10.021154936936
true,6,12.5395946563777
false,6,10.8190815009531
false,7,6.72850706575255
true,5,9.5219047866644
false,6,8.64956672844633
false,5,6.31239567788033
false,5,11.9869277386251
true,6,13.2608424395323
false,8,9.90837404464642
true,6,8.80240392280236
false,6,5.46024765914004
true,6,5.02072731499863
true,6,13.1114536457256
true,7,12.985853656555
true,7,12.8756722655759
false,6,11.046227001768
true,7,11.4116509530887
false,4,5.09849770889228
true,6,8.45177680001059
false,7,11.5168247527272
false,6,9.15245212669852
false,5,10.989483132362
false,6,9.0796198594721
false,8,13.7657355957368
true,7,6.66080146017662
true,4,13.9370940784308
false,7,8.88932075042504
false,7,8.92483354726349
true,6,13.955570954317
true,6,14.6579459628278
false,9,14.5480771931803
true,4,6.32635638035384
false,5,13.0748858585306
false,8,13.3557704958684
false,4,14.2258416590116
false,5,13.9560735464495
false,8,7.73999552604802
false,7,10.5132654184791
true,4,14.7327503955778
false,6,9.05735575337048
true,5,6.4580526836138
true,2,6.85017158585468
true,6,11.4682464717598
false,5,6.01373554761271
true,8,10.5847981308436
true,6,13.4423136845695
false,4,11.8862231359874
false,5,6.12265362414133
true,3,13.1170351678938
false,6,13.1683634965889
true,5,6.18508564848781
false,3,12.6962570881623
false,4,14.2188214102238
false,4,12.5370555106894
false,5,5.86397327338371
true,6,6.54538198716193
true,4,6.73473210462725
true,5,7.9690646915837
true,2,7.85637378963401
true,7,9.71876587158352
true,7,12.4293681490233
false,4,8.05736465450781
false,7,14.3115647067833
false,7,10.2567213033866
false,5,9.26061995119009
true,4,14.1401845003542
false,8,6.95213467803602
false,3,14.7619763714252
false,6,13.7663052191114
false,7,13.9258919406944
false,3,8.30150193886621
false,7,5.89365599775588
false,7,5.37204053488248
true,6,14.4007142682081
true,6,10.0540425322597
false,8,7.29755100399007
true,3,14.5275298821702
true,7,8.06115477500561
true,6,8.17620792803949
true,4,8.22478099717514
false,5,7.04614140558964
true,5,7.76193758942994
false,5,10.8140916009376
false,7,5.7824779208743
true,7,13.4681307774862
false,3,6.84709056816422
false,5,7.113828191698
false,7,5.53310081098741
true,5,12.4870676856309
true,5,12.6757301349958
true,3,12.2166119049684
false,6,14.7772240560323
false,7,7.6521620919913
true,3,10.0092549871405
false,4,11.6342808259152
true,7,13.406981250674
false,6,7.54490010063935
true,4,6.20679563151946
true,6,11.7594088179906
false,6,11.4509068520574
true,8,11.4854494696797
false,5,12.1305399861302
false,4,7.36264162659788
false,4,14.1974364487674
false,6,9.86213202086892
true,7,5.28670011387815
false,6,12.319487016426
true,4,14.8244003635837
true,4,7.47828344157598
true,7,13.5727154909616
true,1,7.02414532655975
false,7,13.6798705511896
true,8,14.7991499851122
false,3,14.6378860140269
true,5,7.6678949291401
true,4,9.66270102273956
false,6,12.2495662751382
false,8,13.5243572490552
true,3,11.7948837474684
true,7,7.40879984617209
true,4,12.0216267718024
false,5,6.41430433019484
false,7,7.27017914894045
false,5,6.08584554726181
false,4,6.7045504988722
true,4,8.53057110440189
false,5,13.2477871273326
true,7,10.36907876931
false,7,7.76170390543913
true,7,11.6533545031537
true,4,14.7589441249187
false,3,13.3160047137969
true,3,11.308039178583
false,4,11.7315942975501
false,5,11.7456247490635
true,4,9.92189464102743
true,5,5.39456642597828
true,6,11.6229483737382
true,7,10.9266391215734
false,6,13.1767011267543
true,8,9.53389677330621
false,8,7.29572104968227
true,8,13.0611105909794
false,3,13.9206454162373
false,4,10.6468552715823
false,5,13.5430345753468
true,5,14.9843672924881
false,3,8.02056929953243
true,4,7.33663052114662
true,6,6.96685026632185
false,5,6.15268543868203
false,5,9.0268360731521
false,4,9.41820510561909
true,3,9.34587943496475
true,7,14.435573301823
true,6,10.066415602631
true,3,9.85563130033598
false,3,6.2720665424823
true,6,12.4881564130414
true,4,6.32683137961325
true,6,7.04520620811357
true,3,6.94567871026225
true,4,12.0579669212908
false,6,10.8312221599903
false,5,13.8200645876109
false,5,8.71443383433081
false,7,7.36710183575287
true,3,8.06282615070833
false,6,7.88753172810961
false,6,12.7522935096807
true,7,9.2634050599075
true,6,5.62188836454619
false,4,7.59298859062809
false,7,13.6244758422821
false,1,12.8811962944339
true,5,9.72117618526636
true,6,8.35948696078341
true,4,8.35582695427116
false,6,10.4452834972475
true,5,8.16780914509338
false,6,8.55249703348178
true,5,10.2224882909464
true,4,8.02771871130958
true,1,5.7901241022635
false,4,10.4959395276179
true,6,10.7273785149128
true,4,8.89307007132407
true,6,6.95743020676445
true,9,12.3023142172951
true,8,6.67447960957865
true,5,5.06153380383768
false,6,14.128793105064
false,4,14.1410851822648
true,5,9.59507820510635
false,6,11.1267653817869
true,3,7.58348852619017
true,5,10.2440473499594
true,6,7.22515889413534
true,4,5.09585129177259
true,5,6.92769190039773
true,5,11.1712032027402
true,5,11.916811604926
false,6,5.12830803456905
true,6,9.59063023303395
false,7,12.7097384279823
false,5,5.52606753728206
false,5,6.42911794567024
true,7,10.800022484905
true,4,11.4709763620989
false,2,9.70966757970282
true,6,6.70219910499386
true,6,6.49507480921104
true,7,10.8330762668028
true,4,9.31561773109428
true,6,12.7806275676995
true,8,11.8290111387352
true,7,13.9242532205207
true,6,11.2631132821735
true,8,5.33055309551866
false,5,8.08795653584432
true,5,14.8276569845747
false,9,5.40494209213464
true,5,10.7668051549812
false,8,6.20832258167718
false,5,12.6860301689892
false,3,10.1409051764115
true,8,6.48709640384943
true,4,13.0042036070897
true,5,7.49298092364132
false,6,10.2929782313899
true,8,14.4834220568749
true,5,6.12959852979429
false,4,8.25524612564479
false,4,8.51286205999596
false,7,12.0028991639212
true,4,11.6419786501238
false,7,10.0894507195235
true,8,13.4433816998436
false,5,8.08667889584915
false,9,9.96514245348203
false,4,9.2935310323888
true,5,13.099340807987
false,7,10.4927470662336
false,6,7.58791710073852
true,5,14.9785737261528
true,7,13.5727522161946
true,8,8.29098730140738
false,5,9.8207379143167
true,6,11.8207438589749
true,7,14.3040474646197
true,8,8.6655285272375
true,6,13.9872272893539
true,6,6.8898762617629
true,3,12.0141879774963
true,7,7.10632813739099
false,4,10.7615315737517
false,5,6.14527691309102
false,3,13.9262786744599
true,7,11.9108932856127
false,7,7.56410371471704
false,7,14.0452643550006
true,5,8.4312075601485
true,5,8.30231202440992
true,5,6.17326859385517
true,3,10.2325387443959
false,3,5.56787103834579
false,6,13.2461219051342
false,5,7.31548466995307
true,4,12.3190117887411
false,3,6.13391938072191
false,5,6.73483088235788
true,6,5.47614198382326
false,6,8.17170484947061
false,6,10.3717038636046
true,2,13.8007187250235
false,5,6.72358663973392
false,4,9.91848824746906
true,3,8.1741585173889
true,6,6.2360420770924
true,8,14.1195711743626
false,5,6.84518833815036
true,5,11.6726517111007
false,7,6.17873021126108
true,7,8.19522668058957
false,7,6.62272016729864
false,5,5.49146523066723
true,5,14.2460154895994
true,6,11.2473513697165
false,5,6.40180438575119
false,5,6.23663805331569
false,5,10.491972200179
false,5,11.1694652666317
true,6,6.52775887737711
false,3,5.51784564427833
true,2,10.9261713200494
true,4,5.85759393538653
true,4,9.79229924672333
false,5,9.31474893552462
true,2,12.3616715779106
true,5,14.4059731509532
true,4,5.3219007742066
true,6,5.97077309460053
false,5,12.5080193471436
false,6,10.6820949413992
true,7,12.5644870454081
true,7,8.18465700656046
true,5,10.8107929030295
true,7,11.5244656197263
true,6,13.2197624740408
true,4,5.37801196080329
true,6,5.83831378942891
false,6,12.9774116172701
false,6,12.6855070605137
false,4,12.7976153328182
true,7,5.7141858397129
true,5,7.36788310704612
false,5,7.24774781203364
false,5,5.10235580696657
false,5,14.5568416481245
true,4,9.7363439768749
true,5,6.3281487703144
true,5,6.99404099856395
true,4,5.9089507473481
true,7,11.0776441985716
false,7,10.6482404021109
false,3,10.5716588372942
true,8,13.9546763280141
true,7,7.6491296683385
true,3,14.4518257651232
false,7,12.9383952527832
true,6,11.9375806145786
false,6,5.59900977509065
true,5,10.8187801610463
true,9,6.83636214770718
true,6,13.7929408633022
false,5,5.86968570669605
false,7,14.1709255855251
false,5,10.5029284914299
true,3,10.6370328567495
false,4,13.4443563823062
false,2,9.68696554920572
false,6,7.71682033301932
false,3,13.0338821172438
false,5,6.01906288809412
false,7,5.393594727033
true,7,12.5208538044769
false,7,13.490251427686
false,6,8.73643676612695
false,5,14.8099530261334
true,5,8.5535586761495
false,5,13.6161393449209
true,5,9.68521390290298
true,6,9.7642005089681
false,7,7.62059806418192
true,5,13.073094843785
true,7,13.3341529972106
false,4,5.05709281039866
true,7,6.42564561171827
true,6,5.02912500243448
true,6,6.98809867126009
true,4,9.23627390011431
true,5,8.15693369783722
true,7,12.0789330761711
false,6,5.27663768440378
false,6,8.4467245677927
false,5,5.23457447748448
true,7,7.15390191937004
false,6,10.8444153759527
false,8,14.010967691084
true,5,14.8507933545848
true,7,8.20325074308903
false,4,11.7511125421717
false,6,9.47161617178508
false,6,6.10775572896456
true,5,5.0446488908154
false,6,13.6176216588631
false,7,8.96645210288819
false,4,14.896181080822
true,3,10.6793199346848
false,6,13.1336798192021
true,8,12.0877006311762
true,8,10.2135100250334
false,4,7.84546986377308
false,6,10.8935375521199
true,6,14.3285491294303
false,4,7.24763717482183
false,7,10.8411024876905
false,3,8.19345256001059
false,6,8.76956052549014
true,5,5.45405832923776
true,6,5.80786335944361
true,6,12.740550436953
false,5,10.4690739521416
true,4,8.64420464863561
true,6,9.20335294533809
false,7,6.52530231451471
true,3,10.6441804784163
true,5,12.7525148959862
false,6,12.5786315418694
false,6,5.15429071269475
false,7,10.362222348253
true,6,7.64110651487947
false,5,9.73176229661098
false,4,14.9654528931166
false,4,5.34557839620669
true,7,6.86029726589535
true,5,5.20886819426412
false,7,8.65171524314975
true,3,7.57121963651274
false,6,14.4617664064899
false,6,9.36297135746867
true,6,5.16720495114469
false,6,10.7526188986015
true,5,6.90173840480041
false,6,9.90669126165186
true,8,14.0290570966489
true,7,5.30673429721037
false,4,6.18066598719733
false,6,5.95438177654146
false,4,6.1943578561171
false,7,9.39976521136192
true,8,13.9667425809274
true,3,7.07012531360881
false,5,13.5521798249924
true,6,14.0382004582875
false,5,10.468993527704
true,6,6.27730905317634
true,5,5.82268198629568
false,5,11.9106960051945
false,7,13.5256397978687
true,5,7.96871164359303
true,5,11.22023042847
true,6,7.31282000209877
false,8,10.5202996851363
true,7,7.76672793409524
false,5,9.44186457944298
true,7,5.47701819156865
true,6,7.8863101922245
false,5,10.5432296190595
false,7,12.4635223266812
false,7,7.03403944370392
true,6,7.18465770768702
true,5,5.61750338664407
false,3,9.31408734056819
true,7,11.0973801933371
true,6,5.63592887144514
true,4,6.98320200149779
true,6,8.56260601048743
true,4,13.7438066085517
false,7,10.1805890702572
false,4,6.21383848045057
false,5,9.45878495436515
true,4,11.793403582591
false,5,11.3795441488985
false,4,10.7608187229008
false,4,11.4017729888936
false,5,5.56625166441688
false,7,11.1858756931866
false,7,5.92252289797533
true,3,9.88287809007068
false,6,5.57825867586523
true,6,14.3924794295364
false,3,11.7473124595233
false,4,9.05187306021205
false,7,11.4883252260431
false,7,13.1490341505667
false,5,12.8606781706139
false,4,5.22758967661141
true,7,14.1413036922732
true,6,5.4600971453551
false,7,13.5473093682264
true,6,12.4267173265539
true,4,10.6437295897059
true,5,8.49715267142827
true,7,14.1666116339812
true,5,7.21037796682112
true,4,13.3445096574296
false,6,12.7623311946086
true,6,7.45007009480155
true,6,13.3975420499885
true,5,8.48106198935243
false,7,12.7209962642569
true,5,7.08516859931193
false,5,6.72537739808348
true,4,12.3070717805643
false,4,13.5162199107959
false,3,14.433120067447
false,6,10.9395690747682
true,5,14.7657741838034
true,6,11.3712481667697
true,6,8.87088337817232
false,8,9.29743571995009
true,7,6.9590577573954
false,6,5.65562199213501
true,7,11.8805341139622
true,5,7.64785323573548
false,6,10.4436384697317
true,6,11.571923548
true,5,12.832055336093
true,7,12.9546392643384
true,6,7.78154392239923
false,6,6.7508827880326
false,4,9.42759553978227
true,7,13.2789799263429
true,2,11.6395729235987
true,6,8.7934143754647
false,4,13.8213485862273
false,5,8.2915213743089
false,6,12.2192257364854
true,5,8.54571121922593
true,6,13.063556553032
false,5,7.81021369137627
true,3,8.73107606153123
false,5,7.53127406955478
false,4,6.39708656386448
false,6,7.86355563317632
true,7,12.3025812933707
false,8,10.017205524586
false,7,11.7510945012157
true,7,12.9783985368153
true,6,13.7222073046876
true,5,6.9163795589919
false,3,5.46810871437595
true,5,7.76532598864973
false,6,11.5955069887508
false,7,9.24514411142258
false,7,10.4629300323047
false,6,9.98337806071707
true,5,11.6229117790341
true,4,11.5140288613919
false,4,11.7730327186574
false,5,6.7678565725758
false,9,14.9365690800835
true,7,9.50172405203113
true,6,10.6112685907355
true,7,6.72544966446605
true,7,8.28867118762085
true,7,8.81248189453705
false,7,10.0920976960527
false,7,8.50892786824585
true,7,14.7011645461366
true,9,11.1368691562844
true,7,13.7266365598509
false,4,11.2153334277237
false,2,13.3139848353057
false,7,6.05594014994227
false,6,5.56163012156508
true,4,14.4340769094086
false,4,14.2648286498385
true,6,9.01224894393208
true,6,10.3515651639328
false,6,5.42170340829191
true,6,14.8271222683523
true,4,14.8599500208458
true,5,14.2387251812188
false,4,5.86043482655355
false,6,6.27804453680287
false,7,6.65754001427876
true,4,6.67874340073832
false,2,7.38969927532239
false,4,13.336777564728
true,6,8.83324098865644
true,10,11.6749028168428
false,4,5.70046733823969
true,5,11.7789717221365
false,5,11.2909704436024
true,6,7.87993783286071
false,3,14.2356452310681
true,8,11.9262987003872
true,5,14.6779301209664
true,7,14.5811776671235
false,3,8.48536986197989
false,8,14.9314010501013
false,5,8.23743709611608
false,3,13.2835272122467
false,4,7.5806086115495
false,4,8.19603622070904
false,5,9.2590685082202
true,5,9.45763437491206
true,5,10.5348373019547
false,4,8.67878445300372
false,4,11.0351463444641
true,9,10.7248426324465
true,5,7.60593329824823
false,5,6.15773416060537
true,7,11.3465997735117
false,5,6.94702752579149
false,5,5.07188952238398
true,5,10.2692920923804
false,4,9.7461042273282
false,4,5.4426755908094
false,3,6.62640163648832
true,3,7.12900895694495
false,5,7.69766888387654
false,6,10.1784435250858
true,8,10.8631940206264
false,8,14.4682595610095
true,4,13.0214396847574
false,5,14.4426549271552
true,6,7.01828485484946
true,5,13.1822955386496
true,8,6.33227811206499
true,5,7.50304867216759
false,5,14.5931917504401
false,8,9.43736449837662
false,6,6.86146576509909
true,5,5.4965955797586
true,1,11.5849556353824
false,6,6.57169327174534
true,5,11.6533870328155
false,4,12.6706918274125
true,7,12.0252692501507
