false,6,10.0978994717846
false,4,10.4785275463275
false,6,9.9557856219922
false,4,9.4948710621012
true,4,10.9413526207191
true,5,10.4762602276847
true,3,9.57549170028468
true,4,13.1310537250754
true,8,6.70392920396124
false,7,9.28660189296024
true,7,5.83053357203352
true,3,11.1905755934638
true,4,12.6454918576138
true,6,9.79696533377073
false,6,8.32667620444005
false,9,11.546665296053
true,4,9.8336640088109
true,7,7.97358798126967
true,6,11.0346656677317
true,7,10.4938809394916
true,6,10.3256194584787
false,7,10.3964251664293
true,3,10.9305779980867
false,4,6.92506107217165
false,3,10.2259146123519
true,5,7.12955939504983
false,5,13.5185625811173
false,4,11.2189038267429
false,4,10.6460694651763
true,7,10.2881132084611
true,7,12.4066875099947
true,7,11.7669511390421
false,3,10.8299411202316
false,8,8.99220215788528
true,5,11.6452955920711
true,5,10.0426629031169
false,5,12.963892450346
false,6,10.5888665559924
false,2,9.07564428285365
true,3,8.98580577957765
true,5,9.36390367334882
true,7,10.0762794276072
true,8,9.95271786184104
false,6,9.61222749206941
true,3,9.89606601006167
false,4,10.0029270846557
true,6,9.12510586838684
false,5,9.65066367508711
false,5,11.3033553326033
false,5,9.81518940085335
true,3,10.0511355358417
true,6,9.70338366610336
false,6,10.6849269131293
true,6,9.78072768942665
false,6,10.8595086569692
true,9,9.77613611030123
true,7,9.85676648079716
false,6,11.1931191125693
true,5,10.6637765035181
false,6,11.5135014975301
false,8,7.31701230211928
false,5,9.21620119890293
true,5,12.363139117653
false,7,10.3108976670892
true,10,8.66354894033314
true,6,8.54553954001733
false,7,9.96121930454343
false,6,10.6354896055918
true,6,9.76673868948717
false,4,8.66009975162127
false,5,10.601278171139
true,5,9.62598194607871
true,7,9.06355909787294
true,5,8.12878085119369
true,8,10.1117265519279
true,6,8.76568566544521
false,7,11.0258722691277
false,8,9.59581235501202
false,7,10.1175146405231
false,4,10.3208381239206
true,7,8.10412122030612
false,5,10.7832057706791
true,4,9.87577685907259
false,5,7.4453744690115
true,4,8.42588492864359
false,7,9.4983499818154
true,3,9.39909268428026
true,4,8.94495049080828
false,9,7.21162717000347
true,3,6.80128211548674
false,6,10.4976883025617
true,4,10.478813769384
false,7,10.3608118186051
false,4,9.47958316432459
true,6,12.1366428273981
true,4,10.3909136110426
true,7,10.1832325391565
false,4,10.0557065214231
false,5,9.15349895233689
true,4,9.69888850954921
false,8,7.20777311735777
true,7,8.37298113690211
true,8,9.98764154216839
false,7,8.9859070447377
true,3,10.0790294100561
false,5,10.7130646920695
false,7,11.4103113403028
true,7,9.48196656869995
false,6,8.10449275119207
false,5,9.56542146029882
false,4,9.94951077920281
false,7,11.7794240015793
true,6,10.795511197013
false,8,7.38775953498822
false,6,9.81776308171704
true,8,9.61588251595422
true,7,9.91788153497969
true,6,12.8272842679952
true,6,11.2042950450758
false,6,9.28370172200682
true,5,9.91360567351724
true,5,9.5147588635528
true,7,9.18964535779423
false,3,8.08756700371587
false,9,10.7215059161173
false,7,9.46288394693974
true,3,11.8900897967753
false,5,8.03111289046015
true,7,9.12756104122185
false,7,6.21923756707428
true,7,6.70780009998507
true,7,9.96963978270209
false,9,11.5420895819517
true,5,9.76120456818783
true,4,6.57942866764301
false,6,10.9778691007804
true,5,11.3019094587702
true,9,11.8914299165254
false,3,11.0303749423684
true,4,7.49240562721827
false,7,8.90568636069039
true,4,6.59986685811546
true,7,11.5755954655618
true,4,6.91464937386901
false,6,10.0215358083079
false,7,12.983855731337
false,6,11.7662202887743
true,8,11.888287276495
false,9,13.6325404137824
false,4,12.2618008847549
false,4,11.8271123284091
false,8,11.4628824168127
false,4,10.8979908036352
false,4,9.88256858861709
true,5,8.48292409214624
false,6,8.52755260417819
false,5,9.5999803664394
true,7,8.36581142397433
false,4,10.8966976417103
false,5,7.89452457976242
true,8,11.5081309382038
true,4,10.7545702742742
false,5,11.4646084953212
true,4,9.28419974677016
true,8,5.42761013359399
true,1,9.13680700867221
false,7,11.5108945263731
false,3,9.01973326983726
false,6,6.25280619626573
true,8,6.94915560776259
true,4,8.98700542575749
true,8,6.891164788982
false,8,10.8095937523719
false,8,8.39211422244533
false,5,10.3017054419354
false,7,7.78788842629992
true,3,8.76377021274829
false,6,10.7085647324953
true,6,8.19655964230036
true,7,8.62877583666223
true,7,8.1518256043398
true,8,8.87661611206748
false,8,9.48535234738356
true,4,7.70847697999731
true,6,10.5048577661154
false,5,10.2560848387877
true,3,8.33941552169602
false,8,12.3210593242069
false,5,11.8638957094005
true,6,9.31757026688297
false,4,10.3038734672614
true,1,9.83202198535655
false,6,12.0159638988637
true,4,9.72569350967983
true,3,12.0647673054585
false,5,8.77643660992759
false,2,7.71997081321718
true,6,9.98413849719371
false,4,8.50428411643508
false,5,10.8918122527261
true,5,9.56166231472241
false,2,7.91568691026168
true,7,10.7408938892132
false,6,8.82102801243935
false,6,8.91368759566306
true,4,9.37602545015281
true,2,8.18403385797707
false,8,8.87211930274714
true,4,10.0122553746805
false,5,9.22582966825326
false,8,11.7254616376384
true,5,9.64969521307529
true,7,8.47686209733356
true,6,9.3344325750579
false,4,10.9809028963177
true,6,8.50390952229534
true,7,10.0893685331472
false,6,7.97007401178804
true,6,7.59296872922763
true,7,9.26803767389186
true,2,9.77402519702956
true,6,11.0196254441556
false,5,9.06152122619605
false,6,10.7188764619999
false,5,13.1483979955294
false,3,10.9932652574206
false,7,11.557521123789
true,8,8.85844245166505
true,5,10.8450526337229
true,6,8.69928015754475
false,5,8.0667451741331
true,4,10.1931623492035
false,5,9.51335561264864
true,6,12.0894774150241
true,4,11.4094812034154
false,6,7.84323693545762
false,4,9.56860187046693
true,4,7.92000915285066
false,4,8.78702436916621
false,7,8.67654180734112
true,3,10.5263348846549
true,6,7.21432667004165
true,5,9.99926296411454
false,6,9.16466196638374
false,3,11.3700192430642
true,6,8.68440281164384
true,4,10.0400489168315
false,6,11.5671349746044
true,6,8.58029805422714
true,6,8.02677074793681
true,6,10.3657026095203
false,7,9.56025040339841
false,3,12.6571617898209
false,6,9.85826089655894
true,5,9.0093506015842
false,4,10.3954066933388
false,5,11.7540466204411
false,9,10.4101632918655
false,8,9.16230912375602
false,7,9.11898955096246
false,4,10.9413179616357
false,6,9.91556652134811
true,5,11.6083953473097
true,6,10.5662130173848
false,8,11.5320737573315
false,5,12.7658272889367
false,6,10.7680564515276
true,4,9.73064055553359
false,8,8.78672418731925
true,6,10.2384392564149
true,3,7.89728128974933
true,6,8.88637468346447
false,5,9.66342561864968
false,6,10.2947310907536
false,6,10.4280317310671
false,3,8.65043922843132
false,4,9.92588712900855
false,5,7.93672737039927
false,2,9.97991111092936
false,5,10.8410481459448
false,8,9.77155872006073
false,8,9.18166238832903
false,7,10.3897504576245
true,6,11.7816890570172
false,4,9.47461977671264
true,8,9.25534281356256
false,4,11.1077839276805
false,5,8.08055451240326
false,6,13.0641362541237
false,8,11.1862020257554
false,4,7.50779282527424
true,7,11.55108166967
false,5,10.3570076158016
false,8,9.02371154892885
true,4,6.25789689527885
true,7,10.3605527516369
false,7,10.335503887252
false,6,9.0030983386877
true,4,9.91445790279584
true,2,12.2649194524442
true,5,10.0568435268937
false,6,9.74790301314189
false,3,11.8729514088892
false,8,10.9779021070382
false,6,8.12308147122277
false,7,9.83133399677025
false,2,9.10053471472922
true,7,8.60607427828892
true,7,10.2246546999748
false,7,9.15110502957338
true,7,9.6238914462475
false,4,11.2519221981224
true,8,9.9540456313067
false,7,11.0818809307859
true,4,8.84526794474323
false,6,10.160401223545
false,6,8.05271638427831
false,6,7.72410217908435
false,3,10.3715770383127
false,6,8.5935100785
false,7,8.92532058829444
true,6,11.3283843980409
false,6,11.4828039426445
false,3,8.56377537298495
true,3,10.7789262313399
true,4,9.80334005690281
false,8,9.49382854238604
true,5,9.66372349473574
true,4,11.5629233496479
false,6,10.9989033527849
true,5,7.3869365410464
false,4,11.3293254497707
false,5,6.50436062879031
true,1,8.19593683991434
true,6,11.7484147161724
true,3,10.4716048226857
true,6,9.17969736276981
false,5,11.2056424887228
true,5,10.2062406972522
false,6,11.1455368626592
true,5,12.5532059201029
false,7,9.50870551432398
true,4,8.6622423265967
true,8,10.3158830656458
true,8,12.0108223893502
true,9,9.54574207263917
false,5,11.3694804965859
true,4,6.56293673226692
true,5,13.2792002626057
true,5,10.5590163117636
false,6,10.6812395893145
true,4,8.0632468856815
false,4,8.1659700361063
true,5,10.5897296790972
false,5,10.7047004166913
true,5,8.08888460914978
false,3,11.2276170385275
false,6,13.0468997758573
true,3,14.0334787014149
true,3,9.06322647686657
true,5,9.64397597912493
false,6,9.57969823980366
true,6,10.0070632129549
false,6,8.59641208668158
false,5,10.3989432691219
false,5,9.89055422464771
false,5,9.54479252816483
false,4,9.89851432959851
true,5,8.87810138153931
false,7,12.6272567838373
false,6,7.00103708326177
true,6,9.45659776426831
false,8,8.92440587379919
false,5,9.06462624140801
true,7,9.66493571904296
true,6,9.28091092863936
false,5,10.3991550441315
true,8,11.1593714580746
false,5,8.29692082704165
true,7,8.82608380276919
false,8,11.3484511076973
false,6,9.47045360582253
true,2,9.77449376798208
true,4,11.4338525967119
false,7,9.87884796536153
true,5,10.601405918497
false,4,10.6357603182722
false,8,9.60562853303868
false,5,10.9380364129963
false,3,11.5738999619619
false,6,10.6740495413464
false,5,9.58052272764959
false,7,10.0838966310762
true,8,8.52882349387805
true,5,8.31161031956847
true,5,7.1755742344559
false,5,7.9712178947687
true,6,11.3781319229642
true,5,9.71404074067015
false,3,9.05233979372858
false,6,11.1735763767638
false,7,9.08367388961996
false,6,8.43426557764933
false,6,8.82593940618917
true,6,9.72579253392466
false,7,8.02091785498656
true,6,8.30602100331986
false,8,9.80670404861876
true,9,9.21254276784213
true,6,8.67413663346358
false,4,11.6525277757949
true,4,10.29968768693
false,7,10.1278110327288
false,4,10.3271196073087
false,2,7.31353560947336
true,2,10.0147078343799
false,9,6.46401946859399
false,7,9.85091241285178
false,7,9.4107603586741
true,7,6.69000007816014
true,4,11.6091650495796
false,5,8.29913175970027
false,5,11.6724787855916
false,7,8.72974791706376
true,4,8.64483652101082
false,7,7.45319257199442
false,4,9.28595454080443
true,9,8.28846828770727
false,5,11.0451753435301
true,7,10.8410692177438
false,7,9.61600729484226
true,5,8.62523779289071
true,6,10.5445080126343
false,7,12.5021816643052
true,8,8.93875277787189
true,8,11.541836313526
true,5,7.13322656369108
false,8,8.73312879822243
false,7,7.47709616584296
false,4,7.39508200428194
true,7,8.54076721604587
true,5,8.54238300423599
false,6,10.7839408727882
true,6,10.1770501174066
false,10,11.2258658282417
true,4,9.30552190557053
true,6,6.85215579931438
true,8,8.46321569117081
false,7,9.63151940416427
false,3,9.63945397956356
false,3,6.86473603616854
true,6,10.8683985745609
true,6,10.7267658870117
true,5,12.6078589954898
true,6,8.47782775696172
false,8,12.6623401840877
false,5,10.7333574905534
false,7,12.9755716440392
false,5,10.0197416477737
false,4,13.053760113977
false,6,10.7947563673763
true,6,11.0519794302677
false,3,8.55519585759589
true,5,9.11883039461536
false,11,10.8418404751922
false,5,11.2150257971502
false,4,11.1458792831986
true,4,8.70269745278797
false,6,12.303354084313
false,8,10.2547741579874
false,3,7.66730358427469
true,8,5.58432502692664
false,6,8.90774869689777
false,3,11.546235280123
false,6,11.2760052107049
true,6,10.1070449433098
false,4,8.73963425634054
true,6,8.18068480781514
false,4,10.8284680705855
true,9,9.22325582807769
true,8,8.88137401978194
false,4,11.3597210379289
true,4,6.88771321756648
true,3,11.1455676578952
false,3,10.4308641038853
true,4,10.8324498233462
false,4,10.8012204142234
false,3,10.6625936331748
true,6,10.2994194666536
false,7,8.51708424236671
true,6,10.7487005132018
false,7,9.01992069063786
true,2,11.5389843655976
true,7,9.87553017187028
false,7,10.7472986157691
false,7,6.49132773097639
false,8,8.20498579462369
false,5,10.1450341968699
true,6,10.5987684131925
false,4,8.173273066195
false,8,5.70090495219228
false,6,10.5542102210831
false,4,9.41022494174132
false,7,9.95942525628415
true,5,11.2162283325738
false,6,9.4769688694803
false,8,9.20512799095847
false,5,8.96687553808125
true,4,8.35681822099565
false,5,8.13031367989456
true,4,7.72461836642613
false,5,8.36084428572641
true,6,12.7836841926094
false,4,10.3087975860715
true,5,8.4449593671708
false,6,8.82730030238301
false,4,11.1889487547694
false,7,6.33167179176197
true,4,6.97106969440399
false,8,10.1378858573889
true,5,7.59765185584172
false,5,8.99300430364856
false,6,8.20998362973037
false,5,8.2904215189885
true,4,8.40493317198562
false,7,10.0526212844979
true,8,9.90314356212012
true,7,9.20268025829773
true,7,5.08851188875044
false,4,10.6664794588109
false,6,7.85611183106697
true,4,10.5763908024481
false,4,10.0003121067461
false,5,10.7805535104404
false,6,11.1070874980218
false,4,14.9998518047351
false,4,9.58291986416888
true,7,11.3910113763637
true,6,9.28197881082596
true,6,6.8721884955462
false,5,10.5268869587809
true,7,11.2691125989586
true,6,9.73269246699144
false,7,11.7613689569359
false,6,7.17972523985282
true,8,9.00899814179041
false,6,11.2297377639663
true,7,10.6113396408429
true,5,9.2204828139687
true,5,8.53775691836954
true,7,9.17373089911541
true,7,6.87697943337017
true,5,7.64096411651959
true,7,9.57431443196768
true,5,6.8822269495154
true,4,13.1163649929527
false,5,9.86358933441556
false,3,11.0226859968659
false,3,8.25414059480393
false,6,11.0933553717412
true,8,12.1117029308924
false,9,8.19580698507259
false,4,11.9140633805943
false,3,9.46067777424426
true,3,8.21784390054688
false,7,10.5222620772892
true,8,8.45061025111811
false,7,8.99108590879658
true,6,11.1020819510503
true,6,9.76191369822924
true,6,9.28990087359056
true,2,12.0332875819853
false,5,11.2369544932274
true,7,13.2704415356976
true,4,8.16743402888632
false,4,9.9213721502983
true,5,10.4317111852121
false,4,11.6656577243975
true,5,7.03700857583721
false,8,9.71510199551273
false,5,10.3769741414625
true,4,10.1713298447498
false,3,9.28427609274905
false,7,7.80033166591044
true,4,11.4929098390113
true,6,10.5660535758934
false,5,10.0940981996829
true,6,10.714781735505
false,8,11.7400768043465
true,6,9.4345647297967
false,5,11.5681430304957
true,5,7.4109650602407
false,2,10.4047481222688
true,3,9.12359319332185
false,6,8.59495803430136
true,5,10.8658463208546
false,6,9.41229838280542
false,2,9.6514174453939
false,3,8.94193383659581
true,9,11.730167327894
true,4,7.52200947772957
false,5,7.68083697144182
false,5,10.9387820739826
false,7,9.63772689658678
true,5,10.9726752763112
false,4,8.46837748897052
false,7,11.3071377946527
true,8,6.65701147289202
false,7,9.05031182255537
true,9,5.24603045358279
true,8,10.1881770534771
true,6,8.89435951425554
false,5,10.9057937905823
false,4,9.91431916149097
false,3,8.82604624081776
true,6,9.32240836456852
true,6,8.45858124005617
false,4,11.0150770842716
true,6,11.8478491533369
false,3,8.71375841209423
false,5,7.52210956703984
false,5,6.94674655558977
true,7,7.80173830317618
false,6,11.7494631228568
false,5,13.8590381193185
false,6,9.27345932610008
true,5,9.81043197401273
false,7,9.25401764926482
false,7,9.40949908809702
true,5,9.09505796658736
true,3,7.02959073567801
true,5,9.6186179244846
false,3,9.10696371261083
true,6,10.5336286236834
false,5,10.9955736906329
true,3,9.21780867493126
false,7,9.35043094985054
true,3,11.4307275959199
true,4,9.17434110280084
false,4,12.4698769923185
true,6,11.2156455145679
true,5,13.424799109251
false,7,10.930273466702
true,5,11.7027341385827
true,5,8.30886127746263
true,4,9.72937243152901
true,5,12.2578674405857
true,5,11.3531135361626
true,7,8.91127788052423
false,5,7.92978555819666
false,6,8.77083334507151
true,2,10.7290396948869
false,4,10.0755517418237
true,4,9.91690210230559
true,7,9.05914136373805
false,4,11.6457084979947
true,5,9.76280526759836
false,6,9.19920378543709
false,2,10.9732635287116
true,6,11.4844204669984
true,6,10.0310538312491
true,5,12.4589474247544
true,4,8.37352420234246
true,3,11.0697595458657
true,4,8.06899090692138
false,7,8.38975537875362
false,7,7.18580294990206
false,4,10.963751510873
false,6,9.5589087633876
false,3,6.36112149208594
true,8,9.22163239018271
true,4,10.1199380147799
true,5,7.05824525315709
false,6,10.8918319311948
false,4,9.13910753217086
false,4,9.90327962799725
true,8,8.93594122770279
true,5,10.3673691750267
false,7,7.16534488910397
false,4,7.60052326225365
false,6,11.7774126219329
true,5,9.34571422209273
true,5,8.60554738194741
true,6,10.8850550338081
false,7,9.8191653198259
false,7,11.4774432468105
false,6,8.56751403684547
true,6,8.60445567613456
true,8,7.98789362176352
true,5,12.1181134901579
true,7,12.3024856194109
true,4,10.3591485531155
true,6,9.60506336660081
true,4,8.35088885718358
false,6,11.1844162187748
false,8,9.76564329967955
false,6,10.0741826840571
true,8,7.58156989118294
true,2,12.2409124315109
false,5,12.7378248471743
false,6,8.95903306675316
false,5,6.63822125959933
false,3,8.91288567661255
true,7,10.2437831092063
true,5,8.84546458636771
true,5,10.1306121120176
false,5,10.8109658881056
true,7,9.49942846134688
false,5,9.49832754994908
false,6,9.68747804697327
false,6,8.82801314878546
true,7,7.43773146402985
true,4,8.95440008546563
true,6,10.8159439626249
true,4,9.36319086817451
true,7,9.43863087662648
false,5,7.8851443795691
true,7,11.4522233651168
false,6,9.69090181440272
true,5,10.6862218252559
false,5,9.28482262539
false,7,10.4766301795577
false,5,10.1546846547261
false,8,8.4400929662824
false,4,8.27570538181289
false,4,10.4820358903311
true,5,9.86568078566275
true,7,11.2092126799362
true,6,11.0507477533212
true,7,10.457112703181
false,5,8.37837769099894
false,5,9.53137979623183
true,6,10.7415423553204
false,6,9.65225325299974
true,4,10.2683466566868
false,6,7.6598006193674
true,5,7.89111850197345
true,5,9.52465484736063
false,6,11.2970503795836
true,4,9.02014669753223
false,4,11.8405722600498
true,5,12.166962169865
true,6,9.81873504021901
false,7,10.0632043987557
true,7,10.6684577931378
false,7,14.8745529254653
false,9,9.42477552714094
true,9,12.6704641662919
false,5,8.14851902501933
true,6,8.10677765164791
true,6,10.1718072386399
true,3,9.6935357556628
false,5,8.88812428020712
false,5,9.12064888210945
true,4,10.5587412276017
true,8,6.55655576895448
true,7,8.79345544013516
false,6,11.7485358284593
false,5,12.3173402125981
true,3,7.41541762384037
true,4,6.39019315526947
false,5,9.26051723639514
true,5,9.11268507913958
false,6,11.3636160551825
false,6,11.5560012336927
false,4,10.3814290690711
false,8,10.062771660713
false,5,10.0396868225576
false,7,10.0590791316423
true,8,8.56041809362747
false,7,7.86204393091072
true,8,7.35222229050478
false,5,7.18537315930059
true,6,11.4744116624924
true,5,8.41338041162092
true,4,10.6851581026643
true,1,10.5111808189218
true,7,7.76480301911006
true,4,11.1435675381147
true,5,9.96561647252724
false,6,7.88198448495476
false,4,10.0484791944228
false,6,11.6357888935023
false,5,11.0864905761285
false,4,10.0648722781105
false,5,9.54034753829887
false,7,9.63009819806122
true,6,6.25560117410986
false,6,7.67781403474427
true,3,10.260635750284
false,4,8.79091783728683
true,6,10.1155071428277
true,6,8.44321482890112
false,2,9.37337809329156
false,7,9.48353779732155
true,8,10.0333905607547
true,4,8.51601669813725
false,7,11.4443021351372
false,6,9.49510430604932
true,7,10.585613609376
true,6,9.48269836732526
true,3,11.1617680193177
true,7,7.16361965891746
true,6,9.97281638834589
true,6,10.8647300201685
true,5,6.87086661735358
true,6,13.5893878690601
false,4,8.67578963972103
false,6,8.28334130981446
false,4,11.5325625141878
true,8,10.96410738147
true,9,11.8736696729395
true,5,9.10000047054227
false,6,11.9905030732518
false,5,11.3943350210767
true,5,8.30736814071838
false,5,7.97154775704266
false,3,12.8225111241373
false,3,10.4926523672649
true,2,12.0171380588457
false,7,10.334192299328
false,4,7.15727478197805
false,4,10.4301559433682
true,5,11.5236760958483
false,6,11.6040880429316
false,7,8.49604990659558
false,6,8.82173900020339
true,3,10.0920386779096
false,5,9.49795082090322
false,6,10.4714716857252
false,5,9.27680865323379
true,5,12.4549924590485
false,7,11.4804595402279
false,5,8.38812542461967
true,5,9.10948662625719
true,8,13.1055768783243
true,7,8.073924247732
true,6,10.1590959993807
true,7,8.70256098664404
false,5,11.5171058766399
true,5,10.7431703002652
false,7,8.25520311288066
true,5,9.21367467127033
false,4,9.06993435830539
true,5,9.42640466115142
true,4,9.6914115877424
true,5,10.1740558641637
true,5,10.6170541458865
true,7,10.9027313944749
false,7,9.43167828974691
false,6,10.6112952300479
false,7,10.3121332074536
false,5,8.89385737029268
false,4,11.4649020548708
false,6,12.0439377262941
true,5,10.1020260881479
false,6,11.1312399288325
false,3,9.17065496598049
false,6,8.88008344373282
true,5,10.411844311498
true,4,9.76640576307245
false,5,10.4680589304954
false,7,8.49687097424104
true,7,9.27681366374559
true,7,13.8992254020388
true,5,9.53883900874145
true,3,7.78733446543139
true,7,9.48707341939677
false,8,11.7317628560858
false,4,9.14088187553082
false,6,7.98698459578542
false,5,9.46596058550679
true,2,10.6792575328283
true,9,9.38736123708302
false,4,11.053620410385
true,4,9.38993398168285
false,5,8.22429850522386
false,5,9.78173069193366
true,6,9.71787249608108
true,7,9.68312380338974
true,7,10.6544391100366
true,6,5.00190118701477
true,7,7.79281750509752
true,5,6.74589359481212
true,6,9.27425797661205
true,6,9.28075057079558
true,6,9.24121621355346
true,6,8.80055432067651
false,6,9.99072935877201
true,8,8.57470501141479
false,4,8.8424406506442
false,7,11.2745442864269
true,5,9.84425457162684
true,8,9.30381086854787
false,8,9.41669849978443
false,7,10.9402754438944
true,7,8.10929603513738
false,3,9.27181238147344
false,6,10.1793545341644
true,5,11.3944027849894
false,10,12.3690244035678
false,7,10.3445395232667
true,7,11.1787680616808
true,6,9.4970966350306
false,6,9.75902037103258
false,4,8.21377216411781
false,5,7.79843837801728
true,5,11.3073713731313
false,6,8.64920334197313
false,4,9.39508534751276
false,7,13.6069515769947
true,7,9.12739562789423
true,8,5.49223220840416
true,8,9.1892225097213
false,5,6.63808772734498
false,8,12.663141218821
false,3,10.9235957368068
true,6,11.0141392270432
true,6,8.1451975437614
false,6,10.2032807074701
true,8,8.50418531618136
false,7,10.8592000751887
true,1,8.22444678678626
false,9,5.87050935533459
true,5,8.90330392987425
false,7,13.0608710956286
true,7,12.9683196955787
false,4,8.99546672368277
false,6,11.8610322352631
true,7,10.0679455454489
false,5,11.6301828742085
false,4,8.27734246613063
false,4,12.6091788640701
true,3,9.54823950712902
false,4,7.41002602069874
false,6,9.92973567728691
true,6,9.16639877339757
true,5,8.83178527047974
true,5,8.39682528932289
true,6,9.36508275520557
false,4,8.69107677835044
true,7,10.0680554725833
true,8,12.7978095555817
false,7,11.6055881849548
false,3,8.8037341658826
true,7,11.1226897014484
false,6,7.94575779177434
false,7,8.54665562690809
true,5,8.40439860913819
true,7,7.46692255064883
true,6,10.6107458088343
false,5,10.9972222875205
false,7,8.53826763349636
true,6,10.7591729478123
false,6,10.7108507155597
true,5,9.48049451447242
false,3,9.73496941238893
false,4,8.36020826662829
true,3,12.2136934212819
true,1,10.3407422166139
true,5,10.2575690814486
true,4,8.67400425705023
true,5,12.3295217011705
true,6,10.5696778003483
false,7,8.15162212013572
false,3,9.32418001807428
false,6,12.0184617855622
false,7,10.9376918304695
false,5,8.92759364849027
true,4,9.91084016193737
true,7,7.65939697766678
true,5,9.28513842406651
true,3,10.5376509748954
false,10,8.78049380256782
true,6,9.53226591083071
false,6,8.87212324512207
true,10,10.0781715266974
true,4,7.8842873202931
true,6,8.50517549327279
false,7,10.7914436764462
false,11,11.5074657535406
false,6,8.81927468045489
false,6,7.80233593684803
false,6,8.44705946925839
true,6,10.6653109343898
false,7,10.6215682238187
true,9,12.5300256625538
false,4,8.66025031243412
true,7,9.24152387443282
true,4,10.2903803034958
false,6,6.61760341321789
true,7,11.0099490421949
true,5,10.3228976988785
true,7,10.5230633748486
false,7,11.7493913765662
true,3,9.36539183931918
false,5,6.88638873336916
true,7,8.2344118048465
true,3,10.717340244253
false,5,9.55320602948654
false,6,12.5036071532074
true,5,9.7559983482376
true,3,8.06880556795936
false,4,12.3671463309272
false,7,8.87155707660315
false,5,9.46606562690312
true,5,9.33273281068276
false,4,9.26346624819009
false,8,7.89197203515126
false,5,11.0924808714278
true,3,10.2342824295797
true,5,10.5190979303791
false,7,9.3487400746529
false,5,6.1600798542137
false,7,7.91903037323469
true,5,7.84548984816054
false,8,8.96911621223328
true,4,9.59662046407
false,6,10.1323879186456
false,5,11.4809810966701
false,6,8.82482244642427
true,5,10.6689226802822
false,4,7.14754345712646
true,6,9.40331054840585
false,8,9.49508683298534
false,4,10.6957000793999
true,7,8.67178430397152
true,5,8.50476012512744
true,4,7.7097968809086
true,4,10.003449432555
false,7,13.7062379764508
false,6,8.11401597143908
true,5,9.17383140304969
false,6,8.43494268551761
true,5,8.70142807243001
true,5,10.9022775995767
false,5,10.2729261453923
false,3,11.5095386187557
false,6,10.3317511339785
true,5,9.56877175513975
true,4,9.36877712419528
false,9,8.06211571492779
false,8,10.8261839172604
false,4,8.6953154208686
false,6,10.4150815965648
true,8,5.80679287989603
false,5,10.0738976385401
false,5,10.2700119658917
true,4,8.60209616075487
false,4,9.7212356906338
true,7,10.9078099075125
true,7,10.4696183479659
true,6,10.2956611132765
true,6,12.3198075165401
true,8,10.8345606508968
true,3,9.30992027291429
false,5,9.25117257577681
true,6,11.1384497052557
false,3,7.80370345722844
false,6,8.48210232089578
true,4,7.97060287931399
false,5,9.84175048028676
false,4,8.59519449513621
false,7,10.5199606277394
true,7,9.4699011325264
false,4,9.9713128858524
false,3,7.66714009145242
false,8,9.84515940165491
true,5,10.7715042755964
false,6,10.0765598519458
false,7,9.69559056280548
false,6,9.22883878052198
true,7,9.2095434160421
false,6,8.76999643818202
true,5,8.92498205397456
true,7,10.3719646377206
true,3,9.60674240197893
false,7,7.48383460618874
false,7,8.39665171582058
true,5,8.89182993163143
true,4,11.7319124133918
true,6,10.0006407193035
true,4,12.9750021724598
true,5,10.8131383147259
true,4,8.16587107012255
true,9,9.0691672775111
false,4,9.03860630800556
true,4,7.95521374791288
true,6,6.82579644492986
true,8,9.80228312894488
false,5,10.9582844590308
true,7,11.4358636449811
false,6,8.69843233452598
true,5,9.71111273526692
false,7,11.156559759581
false,8,11.4394356624539
false,9,11.5905782997995
true,4,12.9172201962551
true,4,8.13993093215999
true,4,10.3170567345602
false,6,10.1708480445328
true,7,8.97545694880014
false,5,8.3525240929901
true,8,11.6476013038369
false,6,11.6580700046228
false,8,7.79438137774789
false,4,7.19965253235918
true,4,9.28776640569227
false,5,10.555977514189
false,6,8.24781470964225
false,5,8.86179315022318
false,5,7.90264339579551
false,1,11.8055058917799
true,5,10.7464976355292
true,6,9.68923296517888
true,4,11.8005262636658
true,6,7.09636645201676
false,7,12.5137065556767
false,4,10.1917279437114
true,5,9.21647350790503
true,7,8.27137189724398
false,6,8.91817621176784
true,6,12.8722693218707
false,4,8.81582857483091
false,6,10.3560088363058
true,6,8.74764894185343
false,7,10.399506849237
false,4,11.5937117152095
false,3,11.0665898361951
false,7,8.61075957373385
true,7,12.0267907047028
true,6,10.19125917335
false,6,9.66833967728264
false,6,13.6050748342465
false,9,10.293446414178
false,4,6.91302822769873
true,4,9.03464878960596
false,7,8.65946675710885
true,9,9.9138219775154
false,4,10.4261338172439
false,6,9.48433298315306
false,7,11.3362076778957
true,4,8.10899633817783
false,7,8.28501487639704
false,6,10.3161578900232
true,4,10.4369760485735
false,4,8.54157111408719
false,5,10.4149116425598
true,2,10.6720748843031
false,5,8.86038177445939
true,8,10.9875415928925
false,4,8.52952660766132
false,4,11.0921121244945
true,4,7.12740180747653
false,8,9.52329651954713
false,6,7.4640521954223
true,6,11.8460372321104
false,4,12.7011829536492
false,8,9.6904523088081
true,7,9.87218025822806
false,6,11.6349610042408
true,7,9.76135226643391
true,5,9.81473097610606
false,4,5.52565336614902
false,5,9.47772630635408
true,7,9.92850672754469
false,7,7.04797153016834
true,7,7.88247696080074
true,3,8.66452894394343
false,5,13.1579978265705
true,3,6.29893645859792
true,6,10.7659594691499
false,4,11.7682988938651
false,4,11.6587566977401
false,3,9.83759269316953
false,5,11.4380028435946
true,9,11.7547099558449
true,3,10.9958054874345
true,7,7.83801328872928
false,8,9.51553772359091
false,7,8.2806596520607
false,6,9.92926308696379
true,2,7.68455904321169
true,3,11.0730064089856
true,8,8.54199704121789
true,3,8.39249629885023
true,7,9.07021890515115
true,4,9.26777714145016
false,6,8.41402680791306
true,8,11.7758013523315
false,5,8.24012170852937
true,6,11.3186576167328
false,8,9.56506372383146
true,5,9.33397365577069
false,2,10.9332479633718
true,7,8.08455910183493
true,5,12.4022240648673
true,6,7.18062956356931
true,5,8.3740106649173
false,3,7.93350151925178
false,1,9.26160454192592
false,5,8.94188875303442
true,7,9.44026299390463
true,4,10.2953488171372
true,5,7.61595791726945
false,7,11.4583230546755
true,5,11.5407322225762
true,6,8.86270417799553
false,6,11.0331644845408
false,4,7.22586973812778
false,5,7.02210586559215
true,7,8.82226055463571
true,3,8.86339205603172
false,7,11.1638080840025
false,5,9.86914640724863
false,6,9.51748174042308
false,7,10.3358482080212
true,6,11.7673948825676
true,6,10.21229856395
true,2,12.5168690107787
true,3,11.2611559798225
false,9,9.3264668391736
false,4,9.90550728856427
false,8,9.8461807240371
false,4,12.9856069198596
true,9,10.3460000682927
false,6,9.88988806302267
true,7,7.48155038167014
true,5,13.1327617488895
true,6,8.43731242736679
false,8,11.5741745484435
true,5,9.59589067871208
true,8,8.79581308795603
false,6,8.67260277590638
false,8,9.52473636850421
false,6,7.65908250202848
true,7,11.4767589456948
true,8,8.92942383727114
true,3,7.36677705359025
true,4,10.3354580424965
false,6,10.9319223223025
true,7,7.31335261756378
true,5,9.39373298624197
false,6,7.94901838132052
true,5,8.87541224178925
false,7,8.30785902366216
true,4,9.1137653388754
true,4,8.49572242858197
true,3,9.84362080824178
false,5,9.95734944522987
false,3,11.2616586093299
false,4,8.37906059303969
true,7,10.8244058399667
false,7,11.1158097136694
true,4,10.6104346280261
true,6,8.75043586677276
false,5,11.2571744508613
false,5,10.1245661723501
true,5,13.1899105520142
true,4,9.32940561047543
false,4,9.84859117298807
true,7,9.4793887343869
false,9,11.262058387927
true,5,11.9645743869395
true,7,8.34981437481122
false,9,11.4485692924617
false,5,8.20867999896768
true,7,10.4299476985499
true,4,8.88840743231548
true,5,11.3254775009455
false,7,9.12627992923951
true,5,13.1405368824667
true,9,8.49973369386953
true,6,9.41552269157217
false,2,9.90257061628208
true,5,10.5272283244327
true,5,10.3643314761017
false,7,9.30169218930608
false,2,9.45620987585968
true,4,11.6246940583706
false,5,10.1932254508666
false,7,11.571250721361
true,5,9.04465784379427
true,4,10.3833269628918
false,4,8.72711506823853
false,8,11.2558128230643
true,5,10.2802523150315
false,5,8.84304389012798
false,5,10.2757479970576
true,7,9.85297683435769
false,5,9.22853216459724
false,5,12.6680219321975
false,7,9.7121260656429
true,4,9.12108573633243
true,4,9.56381418388001
true,4,10.4772911730641
false,6,10.6639832745341
false,6,8.90188009471292
false,5,10.4416248371117
true,7,12.1574329346282
true,5,9.28475790670955
true,6,10.3336512708927
false,5,8.86920596657972
false,7,10.1140493172368
true,6,9.10391434232526
false,6,10.0237100488523
false,7,8.97785172483676
true,3,9.77697443195033
false,5,10.4180090566101
true,6,9.17788645735192
true,5,14.0775272113952
true,4,10.2571069965471
false,6,8.13395975866024
false,6,10.4297825469022
false,4,10.193129276552
false,5,10.2222423547553
false,6,10.7810685709177
true,5,8.99244972872663
false,7,12.260744906852
true,6,10.2350858581774
true,8,11.0128799220619
true,7,8.7531167062625
true,6,9.36591418945067
true,7,9.26118960430063
true,6,7.81966596564646
true,6,9.65376261329458
false,7,10.9913969537479
false,4,7.6245255207947
true,7,11.8523591065712
false,4,7.62403690604657
true,3,9.57245696295415
true,7,7.80889510278636
false,4,11.645736728945
true,7,9.87158446201999
false,4,10.0660122384045
true,7,10.017227990634
false,6,9.78795395310884
true,6,8.88638486621767
true,8,7.53931954370299
false,6,12.0263576575196
false,7,9.25557844432327
false,6,12.1199897834427
true,4,10.4074261568629
true,8,10.1371932689114
false,6,7.30172417375614
true,5,7.86406157924896
false,7,9.36729712900422
true,5,9.11712532209765
true,6,9.32904732986098
true,7,8.67851725985557
true,4,10.7510955471429
true,5,7.67542672802039
true,6,8.78686284706969
false,5,8.97660850129765
true,6,11.3810429898258
false,6,7.46368710656659
false,3,9.73140369429507
true,5,11.6846387232033
false,4,9.96873764317289
false,6,10.3097522057839
false,6,9.06638966778452
false,6,12.8123713433249
true,6,11.7119264242129
true,5,11.4131899524036
false,4,7.15493363853835
true,7,10.8218219969457
false,4,10.4964234005348
false,5,7.56990288071711
false,8,13.5472474878301
false,6,8.62425123172761
false,7,10.1411450719188
true,7,11.8092974551243
true,5,9.09719996841076
true,7,10.6698373121001
false,3,9.41411821098427
false,7,9.36043045349039
true,7,11.9852449501401
false,8,8.12546421542153
true,6,9.10168251247826
true,5,9.42439628806798
true,6,7.58168692437475
true,4,9.1257914886774
true,5,10.7097635637741
true,10,10.6362543417239
true,4,7.52514403378129
true,3,10.6304647795006
true,5,9.8159894998906
false,7,11.9129437986672
false,4,10.6423401210467
false,6,7.75641918973097
false,7,11.5231168159429
false,4,9.62718812679599
false,5,8.71831924622458
false,6,8.62071311460954
false,6,11.336202794016
false,6,9.71960850043239
false,6,11.1707095785709
false,4,10.2329991675081
false,4,7.2271387200578
false,6,9.77399153801057
true,7,9.68208762617337
true,7,9.58993115226468
true,4,11.5721711890694
true,6,10.5474740188047
true,4,9.44230049906602
false,8,11.4466110184093
false,5,8.61298563779883
false,7,12.2276067236229
false,4,11.076852844048
true,6,11.5742812607054
true,5,8.42761501028534
false,3,9.18974387960091
true,4,9.12443196063617
false,6,11.5673797231432
true,8,9.90147505425465
false,4,10.7225129799707
true,7,7.60550838831218
true,7,6.68757037684505
true,6,11.0976672440752
true,5,9.9888914171687
false,6,10.8867844720503
true,8,9.76618843521479
false,7,11.0543064504847
true,5,11.4227758781005
false,5,12.2416196981429
false,5,12.9947942655884
true,2,10.2428970492191
false,6,9.41169815497253
true,6,11.3139317677111
true,4,10.200595621461
true,2,9.6280185545763
false,5,8.97805218716294
true,5,9.9168870039641
true,6,9.72309701363159
false,5,9.95254707999861
true,9,9.42837523705939
false,6,8.78770736098645
false,7,9.51205018990945
false,4,6.94523416678799
false,7,9.85014877313928
false,5,11.7776265315012
true,7,8.71206349061022
false,7,8.47617230829794
false,6,9.00130225395033
false,4,11.8620791474608
true,6,11.6848763144528
false,5,8.87873419324554
false,4,10.0002233806861
false,5,10.5692374166119
true,8,8.82764602405976
true,7,9.04127076547828
false,5,10.6029340863292
false,6,7.67268685861391
false,6,10.2451174852708
true,8,10.18600999749
true,5,10.3792826873371
false,4,10.2761579684481
false,5,10.552369963244
true,4,10.3960136425318
false,6,8.09018795768021
false,6,8.75093369701976
false,5,9.85510831667148
false,5,8.52086724785006
true,4,9.66320033525742
true,6,10.9642174755933
true,7,8.83846795141468
false,9,11.0402457160675
true,5,8.61214166540202
false,3,11.7218092857255
false,5,12.9854810514742
true,8,9.29258764657594
true,3,10.1840092916831
false,7,11.0629261055832
true,5,8.28708682831363
true,5,11.4237412600251
true,4,7.87234659254956
true,4,8.2772137897098
true,7,8.24654425941601
false,8,8.60711892259458
false,6,10.5277414996206
true,4,9.26771284252875
true,7,10.9093761954077
false,4,7.64501318414071
true,8,9.62639458748302
true,4,9.70534449902544
false,5,9.81166267087416
true,4,11.2513427685912
false,2,10.7225838508052
false,7,8.34096255381086
true,2,13.3774045640237
true,4,11.7544537330499
true,4,9.97660678878918
true,3,9.2804637125942
true,5,9.39783432436474
false,5,9.6114210382717
true,6,8.92476766277706
true,7,10.1817832945748
true,6,8.52724169855075
false,4,8.87858239093432
false,6,9.58621570319888
false,3,12.1109848923297
true,8,9.96322279781126
false,6,11.329579550128
false,5,9.88719599705328
true,6,9.28129360954157
true,6,6.83783865316114
true,4,10.5100638421503
false,3,8.45121597195351
false,3,10.1840427951025
true,8,10.2102513793738
true,5,10.1728018153278
true,6,9.29117903607831
false,6,9.14344463488231
false,4,9.99990073067847
true,5,9.56394851149653
true,2,8.56957794196343
true,3,10.0088387527522
true,9,10.413443826122
false,8,10.9854632463998
true,6,9.81041786468406
true,6,9.89480028362255
true,5,11.4201920373328
false,5,10.0390444456205
true,5,9.80754237305712
true,6,10.1843410373285
false,6,5.32614270176599
true,4,7.74368001175805
true,5,7.71050211239224
false,6,6.22885660219857
false,6,12.4431496025371
true,5,8.44121872022088
false,4,10.1512483660477
true,3,9.90526362742211
true,5,13.3771623995994
false,8,12.2145910059734
false,1,11.7777995565935
true,4,10.1760441116467
false,4,9.94607251953207
true,6,8.42633600353437
false,5,10.9306432024265
false,7,8.92560417151894
true,7,10.5255373428711
true,7,8.57141242837992
false,8,10.3410460646118
false,6,11.2424518282953
true,2,6.75140628654683
false,4,9.53620007598285
true,7,8.6120684747178
false,5,10.7123635059804
true,5,11.2895058982871
true,7,12.5783199790141
true,4,9.77701724751097
false,9,9.82467026069904
true,4,10.9933489303536
false,2,11.1255817511927
true,6,11.2027270908169
false,5,10.4839346723568
true,6,7.43854111318239
false,7,8.57855055909694
false,5,10.299919302208
true,4,10.708891317685
false,4,10.5566868559436
false,7,9.70013837329395
false,6,7.08647725595512
true,5,11.3725968394457
false,5,10.2456280966179
true,6,9.79151570056395
true,8,11.6920596383732
false,6,10.1085129080904
false,4,10.098857046921
false,6,8.62259625548284
false,8,6.51618063525734
false,5,10.2401727520207
false,6,12.5214938916018
true,6,9.97328564963542
true,8,8.37630381534804
false,6,8.34012836216619
false,6,11.4148439126807
false,7,10.7499762151403
true,9,9.37851915468057
true,5,11.8911594875951
false,7,10.2369516561875
true,6,9.69763998658951
true,4,11.1570129888679
true,7,10.4731644424308
false,7,7.74930847912125
false,6,10.6269255123853
false,6,9.49845098470929
false,6,9.30514365885234
true,6,10.0021693787863
false,6,11.2051364438814
false,6,10.7574521924844
false,5,9.57578564415729
true,8,11.4260670878016
false,6,11.1967040366449
false,4,6.48370025756502
true,6,10.7679504654989
true,8,10.359941543108
false,8,9.82662023284353
false,5,9.37483155334167
false,4,8.59827096051058
false,6,8.91247784520184
false,7,12.5784647707651
true,2,8.97909102848789
true,7,10.4487523429324
false,4,7.95407402531765
true,4,11.4180714453664
true,7,8.37543835423644
false,4,7.61854892859081
false,5,11.6442707831695
true,6,10.0266794127416
true,6,10.8015440534872
false,4,10.535397623133
true,4,10.4190706685851
true,3,11.7054172673521
true,5,8.48382510846689
true,5,10.4227952949403
false,7,6.44551288927004
false,5,9.52621873899859
true,3,9.78152469556854
true,9,9.09473552998437
true,7,10.3104136364552
false,2,9.74223760147028
false,7,11.5350532479887
false,6,9.80423698662333
false,6,7.44925334478945
false,5,11.2542119969937
true,8,10.4961545637624
false,8,10.275075982741
false,5,9.22008519168742
true,4,12.3805561547891
true,7,7.14191737982461
true,6,9.49332935597124
false,4,8.90484031080148
false,6,9.47908044356399
false,5,10.8325057123622
false,5,10.7299597693864
false,6,10.9445987635661
true,7,9.29714234269245
true,3,10.1095724611335
true,5,7.95769264342193
true,2,8.2712421915218
false,7,7.98172181738956
true,9,8.65424225820409
true,6,10.1438586783254
false,6,10.7177873554275
false,6,10.7735491248923
false,6,10.1466527748995
true,4,11.2289006985046
false,7,9.07884345132857
false,4,9.37815654062521
true,5,9.95940510847269
true,5,10.2937502558033
false,8,5.68155269491274
false,4,7.83859639658866
false,5,11.5967697231311
true,7,8.41717294228275
false,4,13.1329841215068
true,5,7.74362990551071
true,6,9.6792070938898
false,5,9.44728791582588
false,8,9.30095366228464
false,5,11.2503473182464
false,3,10.61136216484
false,5,9.35184018781938
true,8,6.56040884639284
false,6,11.5279591586848
true,7,9.19719213694892
true,6,8.18022125226272
false,5,9.77928312121307
true,7,10.5810508148734
true,10,9.81984910432009
false,5,9.72676777385838
true,5,8.58490383590806
true,7,5.33387143249046
true,6,10.9016972854121
true,9,10.0786692742012
true,6,8.44973916072549
true,5,9.6734370815661
false,7,8.87413147390926
true,6,8.13559735755806
false,7,10.2667883189429
false,5,8.74900291007675
true,5,9.04544174584122
true,5,9.32919987897579
true,3,12.0010337374498
true,5,8.92418767395295
true,6,9.25119930881003
false,5,8.99181872630219
false,6,8.95144270677767
true,7,8.84784108900285
false,4,12.2165873453349
false,2,9.26000395372203
false,6,11.3331324019433
true,5,11.5184275947133
true,6,9.40904855472175
true,4,7.97832255560083
true,7,10.3243009242512
true,5,12.7612771341216
true,8,6.94852207250104
true,6,10.1327725592937
true,4,11.2588698564536
false,4,9.94733079120713
false,6,11.5909508022822
true,2,7.05088245115675
true,8,9.56914509872002
true,8,10.0913254793845
false,7,8.05214764239866
true,4,8.86866634415117
false,8,10.9883681700508
true,2,12.0693269597501
false,8,9.08486083919987
true,4,9.06330318904032
true,7,10.1872961830093
true,6,8.78130598715082
false,6,10.8568083448244
true,7,8.28418630863432
true,4,12.2622667196652
true,6,8.45851457490429
true,4,9.91993796324923
false,7,8.17594303401824
false,6,13.2968154271514
true,7,8.84378771195632
false,6,12.0548449023545
true,9,5.79910042992269
true,6,11.1439498255312
false,6,8.68768062750674
true,7,6.29103641919292
false,4,8.45391549706386
false,6,10.2678668903026
true,7,10.8466186087832
false,7,9.44495647155345
false,7,8.36573437783298
false,5,6.86419598604642
true,9,10.2634446778642
true,5,12.9467564280728
true,5,10.8893063759839
true,8,7.03185637368737
false,7,9.17156109556884
true,7,11.699957640996
false,7,9.11704841229347
false,5,9.85791365623592
true,8,10.2098540445968
true,4,9.0934239887146
false,6,9.89256408432513
true,3,8.17924797117765
false,7,9.0827190694336
false,6,7.31748061018916
true,7,10.7888698496579
true,8,6.2360480286437
false,7,10.768237734939
false,5,11.1552701797293
true,3,10.8789330013407
true,6,7.45594584749507
false,4,8.77037116782281
true,5,10.8875478374733
false,4,8.40548027782223
true,4,8.66067171639218
false,7,9.6171545385116
false,6,12.3904791472633
true,4,10.6113269012217
true,6,5.73871865747849
true,7,8.69956702547174
false,4,11.7023902022213
false,2,11.7384056245114
true,3,10.7227276556763
false,6,9.86521704818746
true,7,14.8521495522134
true,3,10.0603236779209
false,2,9.07652903414217
true,7,7.22349305234204
true,5,11.2777048646458
true,6,7.91588638632805
true,6,11.4173131124684
true,5,7.78616818198228
true,6,8.44290814995544
false,4,9.56467800155537
false,6,13.0108205963961
true,7,8.19644506032414
false,4,10.9876054017721
true,4,10.8855621507112
true,7,11.3993124041966
false,4,11.395257093611
true,8,9.39415470793173
true,7,10.5413143499161
true,4,8.34924058628573
false,6,6.91976055822827
false,5,9.31032118650456
false,10,8.25136221509022
false,2,10.3414163534874
false,8,8.93291580937852
false,7,8.31374282278405
false,4,12.355730290991
false,7,12.2730098348742
false,5,9.3691193476137
false,3,9.34843464230758
true,6,10.9766481550976
false,4,8.94241673431285
true,6,10.6764314587356
false,4,11.219227562237
true,3,8.18828037209787
true,6,9.19118600562353
true,6,10.1837154720491
false,5,12.6458658448281
true,2,10.3594542369985
true,9,7.17966067405806
true,7,11.4246026997937
true,7,9.20901483148389
true,5,10.9612992703094
true,6,12.6475692750628
true,6,8.52938807302627
true,5,9.7464313230896
false,8,9.11234257240528
true,5,9.43541784296981
true,3,7.34807053535166
true,6,9.41683477073011
false,6,8.40531078461116
true,5,8.35745635398336
true,6,9.23305408387391
false,6,9.82288456116587
true,5,9.7605001433539
false,8,9.88829996487241
true,9,11.0228694407536
false,5,11.6408255822582
true,4,9.21710838272065
false,7,9.99210646435509
true,6,10.0246380509266
true,6,8.08197359701628
false,5,9.90073093206169
true,8,8.76065696725689
false,7,8.58077647314679
true,9,9.08779606780844
true,4,6.97849726544409
false,5,11.0338549724148
true,4,8.9211910744565
false,3,10.596580856496
false,4,8.5755319668188
false,6,11.3708181869388
false,3,7.98255832405472
true,4,9.42124543853977
true,3,7.71440273233638
true,7,10.918288941019
true,4,8.60588686342783
true,8,9.29071337407476
false,6,8.26099995499498
true,8,12.1381438052024
false,4,8.87432763907409
false,6,10.3488487495222
true,6,9.41203149589234
false,7,9.03374979410146
