false,0,9.549880414326331
true,5,10.992000974699963
true,7,7.811135868995004
true,1,6.895248019305597
true,3,15.0
true,5,9.277252886559685
false,0,14.45776517159645
false,0,13.2463313297683
true,6,8.580430470632336
true,4,5.097920948644023
true,6,13.569544975308393
false,0,9.319125394607418
true,7,7.3317100486267215
true,4,15.0
true,7,9.829079867479804
false,0,5.0
true,8,11.577548737943385
true,3,15.0
false,0,5.0
true,3,10.635071470742064
true,6,10.782910341721957
false,0,12.115823359966974
false,0,5.0
false,0,5.0
true,8,13.620560130029897
true,9,5.565047049750944
false,0,13.205373087074609
true,4,11.37122402432925
false,0,5.278102040559846
true,3,12.547527727267418
false,0,12.883255304435167
false,0,6.166631179120939
true,4,11.520414025661353
false,0,6.714392519355686
false,0,10.098435120178378
true,6,10.58600721093312
true,7,15.0
false,0,10.581703798434214
true,5,14.638624176342795
true,6,8.887266290065867
true,7,10.880214411812783
false,0,5.221329699879197
false,0,8.348661366259378
false,0,5.0
false,0,6.01256949627089
true,5,14.195522892230144
true,9,5.0
false,0,15.0
true,3,15.0
false,0,6.67006524939279
true,5,5.0
true,5,11.808615718637459
false,0,15.0
true,7,14.680012392309393
false,0,14.484709185651328
true,5,7.990565851193157
false,0,5.066959394889058
true,5,15.0
false,0,15.0
false,0,5.0
true,5,8.220351861043884
true,2,14.582478622421704
true,5,5.0
false,0,11.410543792816677
true,6,8.765397101578833
false,0,12.710492157183989
true,4,9.504434915509075
false,0,7.143809284836207
true,7,6.5515215900144534
true,8,5.0
false,0,15.0
true,6,13.79940655740549
true,9,7.677525249185145
false,0,5.0
true,4,12.53894211238156
false,0,11.67319243005661
true,7,7.101761405564733
true,0,10.18760308059763
true,5,12.29466558485107
true,3,5.0
false,0,9.297066557538724
true,3,13.150553494757183
false,0,5.0
true,6,5.0
true,6,12.062398829693795
true,7,5.0
true,6,8.50830343311358
false,0,15.0
false,0,5.0
false,0,5.0
true,5,8.06781948667992
true,3,12.806582003308847
false,0,13.182043174896027
true,4,5.0
false,0,5.137893900077657
false,0,5.0
false,0,12.896706106732985
false,0,11.384871734401338
false,0,15.0
false,0,5.0
true,5,5.0
true,5,9.764791896002096
true,4,5.057622180682184
true,6,8.702687709175732
false,0,10.336656702729742
false,0,7.892762007156087
true,6,14.062233316829552
false,0,11.79797990313385
true,2,15.0
true,9,12.470823038751806
true,1,8.345817656702113
true,3,7.754125979590066
false,0,5.0
false,0,5.0
true,3,5.0
false,0,8.147241747299411
true,6,14.453405846451961
false,0,5.240490477355091
true,6,5.261636780090771
true,4,13.765567988783607
true,5,5.9458209435756695
false,0,11.843938302705265
true,3,10.912832463106215
false,0,15.0
true,4,11.05564986165668
false,0,5.0
false,0,15.0
false,0,15.0
false,0,7.964517289105638
false,0,7.273375102802865
false,0,10.913764139029267
true,6,9.508164921255505
true,7,7.292172817736992
true,3,10.213762566379573
true,5,5.0
true,6,7.154374929849629
false,0,8.394051934138897
true,3,6.959855599214347
true,2,8.600484234503018
false,0,12.408739927548886
false,0,9.19312397850352
false,0,5.253501271963974
true,8,10.813220948527253
true,5,10.216295476844103
true,7,12.867205799222587
true,7,12.9596335431783
false,0,5.342466299237022
false,0,15.0
true,4,10.655570764077845
false,0,6.802505704116278
false,0,15.0
false,0,5.0
false,0,8.49589838180264
true,5,8.679093100383756
false,0,10.052329319341865
true,2,14.804666193641303
false,0,13.297386125339655
false,0,15.0
true,5,5.0
false,0,15.0
false,0,11.39158462970166
true,4,5.0
false,0,10.54566942532837
false,0,12.813968111351482
false,0,13.28429666717878
false,0,5.492790768190552
true,3,5.0
false,0,9.510954923651418
false,0,15.0
true,7,7.071943734345433
false,0,5.0
true,6,10.05433985489858
true,6,7.245834065733022
true,6,12.364134611114688
true,3,6.567903137962364
true,4,15.0
true,8,9.233827097489279
true,8,9.812830156418022
true,6,14.935674964864134
false,0,13.501308392114826
true,4,10.245755576595393
false,0,9.501492316647152
true,4,9.378227351062414
false,0,12.492846949257174
false,0,5.0
false,0,5.0
true,9,8.100613438825993
false,0,13.061360839021626
false,0,12.05970199883837
true,3,6.069426346326084
false,0,15.0
true,7,8.461870998194762
false,0,9.791691429182537
false,0,14.453978057095163
true,7,5.0
true,7,7.044560040525897
false,0,13.058099238813279
false,0,5.369638890904712
true,6,10.763468881740422
true,2,12.748055891345409
true,5,6.520017752738006
false,0,13.664228867202803
false,0,9.650078259872583
true,4,15.0
true,3,12.664087846952528
false,0,9.265491406545255
false,0,5.0
false,0,14.577565372227143
false,0,11.278008827759008
true,4,13.373813437408359
true,8,11.169553161279985
false,0,9.15985688017251
false,0,5.0
false,0,6.8392493086928825
false,0,11.576270184104853
true,1,7.46065719302954
true,4,9.97231708327344
false,0,14.971398861733835
false,0,10.893017993682463
false,0,11.104246368859636
true,5,10.201516094013169
false,0,8.345710466710003
true,7,12.933881210198763
true,2,15.0
true,3,8.397789890394584
false,0,5.0
false,0,9.098369216049262
false,0,14.292195605206299
true,6,7.998538655538183
false,0,5.0
true,4,5.0
true,5,12.015906138812047
false,0,5.484857401439563
true,8,5.0
true,9,10.624182029603855
false,0,7.570933090452371
false,0,13.55345315792494
false,0,11.878321216051251
true,8,6.314158027354272
false,0,10.030823991193817
false,0,9.160206536558189
true,7,7.2326440815108874
false,0,12.75681993678848
false,0,11.071892358919193
true,3,12.556318947987911
false,0,15.0
false,0,12.423533002046753
true,9,7.981060397840749
true,4,12.58432202035009
true,6,5.0
false,0,5.0
true,8,11.200866235157942
false,0,5.82286688079839
true,3,14.527558685726639
false,0,10.369092905639166
true,6,12.533491416648348
true,5,7.500890948710291
false,0,13.230805441184248
false,0,12.865971825662813
true,7,5.0
false,0,11.529509357637263
false,0,15.0
true,2,15.0
false,0,7.767460080955656
true,8,15.0
true,5,7.563238098662364
true,3,11.183393233594277
false,0,15.0
false,0,10.183076354259592
false,0,10.061799417246956
true,7,12.572519069965296
false,0,5.0
false,0,10.64697159670428
true,6,11.529759957151223
false,0,15.0
false,0,7.372877666780142
false,0,5.0
true,6,13.578786459451337
false,0,12.135043845510209
true,4,5.0
false,0,7.671353028298309
false,0,6.435311335622078
false,0,15.0
true,3,8.481638825340717
false,0,5.542404990242252
true,6,12.740907028942209
false,0,11.067203048918543
true,4,8.474307596703511
false,0,9.528717160685433
true,3,15.0
true,2,13.99642200324181
true,4,11.537936189809045
true,5,12.047429400959187
true,5,11.024567031615806
false,0,10.532389417583836
true,5,13.839709687650693
true,7,6.327807228202547
false,0,11.766693104487725
false,0,11.115971762170362
false,0,6.976833011088481
true,5,9.26502702772681
false,0,6.808185250773107
true,8,8.038875659147159
true,1,5.0
true,4,10.421086557210993
false,0,5.0
true,3,8.545500542355173
true,7,10.30934664270009
false,0,11.454550660910787
true,7,8.749111028078385
true,6,12.675656309277437
true,6,5.014357189931381
false,0,15.0
false,0,12.649432482785471
false,0,10.320275630450498
false,0,10.483135624575482
true,6,8.534714304864595
false,0,12.9904598849846
true,7,15.0
false,0,10.715707034755656
true,6,10.441232219171514
true,4,9.339250713458735
false,0,14.220579258829439
true,1,14.709554152395057
false,0,5.0
true,6,8.26845869285041
true,9,15.0
true,5,6.772829732995171
false,0,15.0
true,7,15.0
true,6,5.275439064830911
false,0,7.603945132820291
true,5,10.940525680166116
true,7,11.236163232942744
true,0,15.0
true,2,15.0
true,2,7.7137645648050945
false,0,5.620309074065964
true,6,11.811904309319445
true,7,7.95660340859977
true,3,11.518063176830932
true,4,7.620944009675698
true,6,9.001790951593168
false,0,6.415739091808245
true,7,14.833753480906982
true,5,9.351597764303762
false,0,5.853131767534262
true,1,10.019706912469147
false,0,13.297237764868825
false,0,5.0
false,0,8.59393913849673
false,0,5.0
true,6,11.381689097254757
false,0,13.433018732966303
false,0,10.13750878802778
false,0,5.0
false,0,13.069284134115621
false,0,9.579626519133502
true,1,7.318979250738284
true,6,8.20079891145778
true,6,11.53115242325156
true,5,14.710689537900995
true,4,6.551067874628503
false,0,6.752692741556671
true,8,9.241013874476124
false,0,8.253771571052875
false,0,9.49287388467455
false,0,12.784164970909995
false,0,10.421094105697385
true,6,10.402294144374489
true,6,11.193994532711894
true,6,10.429658576070002
true,4,15.0
true,6,13.640270086915272
true,6,10.266893453961055
true,4,11.468183428615923
false,0,11.30060867103556
true,3,13.996202197422646
false,0,9.265282488022324
true,7,11.891806432162786
true,5,12.293884775009401
true,6,11.590938714475866
true,7,10.887591531448834
false,0,7.154815088810915
false,0,11.825890391577317
false,0,9.584448420051542
true,5,11.650320618459405
false,0,5.0
true,6,15.0
true,7,12.008339839937051
false,0,9.483744286685832
false,0,8.327179704757159
true,5,15.0
false,0,15.0
true,2,9.089093380465469
false,0,5.592720023464266
false,0,10.389258192036586
true,6,12.924316597613181
false,0,14.174425918740642
true,1,7.162910684483377
false,0,14.89217862017452
false,0,8.209861941238671
false,0,8.798330034510757
false,0,12.359419155534734
false,0,15.0
true,5,7.915620042683722
false,0,10.188610618014156
true,5,13.649304462580583
true,6,13.78614771819954
true,5,10.524729339429376
false,0,8.554866214312344
true,3,11.779292764953812
true,6,12.72238632598762
false,0,9.006040961444905
false,0,10.323388024748596
true,8,10.541999146894884
false,0,13.135650072245536
false,0,8.835608908529299
true,0,6.720858408511447
false,0,12.581964520781344
false,0,15.0
true,6,10.647665664591775
true,8,9.877338287813778
true,6,15.0
true,4,10.47253131800712
true,6,6.732180243646877
true,4,8.830032258504625
false,0,10.680238015281837
true,3,10.519879833837166
true,6,11.279587725259116
true,4,10.232759249888744
false,0,6.138015696445763
false,0,10.998555426634631
true,3,15.0
false,0,11.99746288359911
true,7,15.0
true,5,8.886688626475758
true,4,10.907867566539387
true,6,12.710113213482106
false,0,15.0
false,0,15.0
true,8,5.0
false,0,13.818231157756141
false,0,10.589261636018136
true,2,10.463515570211298
true,2,14.897541723526537
true,4,11.724638765393014
false,0,14.885668663355373
false,0,7.0709568926398685
true,6,9.060412647966414
true,2,15.0
true,5,7.15628349762931
true,5,6.2460557211362495
false,0,14.778185355381893
false,0,12.472842316361465
false,0,6.0457536698028544
true,4,5.288864982898072
true,8,10.260360702292651
false,0,12.944446549169715
true,5,8.72338751428552
false,0,5.0
false,0,15.0
true,7,5.0
false,0,8.41027142838985
false,0,5.2110794566948835
true,5,10.9512870873321
true,5,11.801767509638758
true,7,11.222842108320451
true,9,6.917714486387007
false,0,8.866029505328443
false,0,6.028137674261865
true,4,6.504353973050923
false,0,8.152120867545861
true,7,8.830488517313832
true,7,13.34463466343708
false,0,9.005690120905603
false,0,15.0
false,0,13.381847068272517
true,5,13.405575482870502
true,1,10.999260843209377
true,1,11.552725879979457
false,0,10.94476859830044
false,0,7.011018106026103
false,0,6.103488708951236
false,0,6.291232125326116
true,7,10.245760011681451
false,0,12.703500524530009
true,8,11.32285230034769
true,6,8.365788306225829
true,5,11.76178850159437
true,9,11.610090739589342
false,0,11.345680500403263
false,0,7.370914039613092
false,0,12.038561957724704
false,0,5.0
true,6,7.865847629390927
false,0,12.897668772284408
false,0,5.367007638695065
true,5,9.883488311560557
true,2,5.0
true,4,12.961493447574844
false,0,6.803433811083002
true,6,13.556689243741854
false,0,14.891551889959523
false,0,10.121096810889718
true,8,6.080705566044265
true,0,8.984183890037004
false,0,13.9732900554939
true,6,8.031785219406071
false,0,8.441801276635122
false,0,11.052342575533782
false,0,8.944869690103513
true,7,11.376322274355767
true,6,10.362828282908009
true,0,14.59183525580109
true,7,12.63800231078346
false,0,9.639666497452795
true,4,15.0
true,5,15.0
true,4,10.463549600091978
true,8,5.0
false,0,8.135321457940673
true,3,5.7137125033700356
false,0,10.267502354709995
false,0,13.005479895398825
true,3,5.0
true,5,9.27051246982699
true,7,6.52755390755649
true,4,10.748161981505442
false,0,5.0
false,0,6.259081308082457
true,5,8.731225675798234
true,5,7.3813156899560575
true,4,7.575929803642071
true,8,7.133176291928656
true,5,5.611263834840882
true,3,8.553633779207818
true,5,11.462850225227346
true,3,8.629423099710607
false,0,10.263482066981881
false,0,10.242047361140216
false,0,5.0
true,5,6.396337100045838
true,7,5.0
true,6,6.904842202592187
true,2,9.181542873241515
false,0,15.0
true,7,15.0
true,6,5.0
true,3,8.93954900517414
false,0,15.0
false,0,13.266134328088448
false,0,9.177381818467046
true,6,12.171711742674256
false,0,6.825342664870334
false,0,10.445236100029325
true,4,8.989099858629444
true,7,12.987286951821645
false,0,10.257343614535579
true,4,10.166093559718888
false,0,11.87996285752471
false,0,10.4112238446366
false,0,9.269998197323611
true,5,6.69861354566481
false,0,15.0
false,0,9.41086779633943
false,0,8.335002656340887
true,9,14.516821507671557
true,4,12.406807851750202
true,6,7.852505015623709
false,0,13.268989110599328
true,5,6.611727686180358
true,4,5.0
false,0,9.515539254453156
true,5,5.0
false,0,13.334896198054267
true,7,9.085796045984933
false,0,11.49808335862604
true,5,7.282754552892525
true,5,12.211908577290473
false,0,6.625722303035721
true,8,12.862566782705933
false,0,5.0
true,5,12.872995590384944
true,6,12.753553193453417
true,2,14.869955977333198
false,0,14.074036991881975
true,4,5.0
true,7,15.0
false,0,8.595974893385621
true,7,6.31155566649875
true,2,12.507639863764632
false,0,5.0
true,4,6.185132496903751
false,0,10.796894821522596
false,0,15.0
false,0,12.26054271242976
false,0,7.794220953778437
true,3,9.156318567248846
true,5,5.0
true,6,12.736428430854843
true,5,11.927442037250099
true,7,7.597949067876506
false,0,8.378203676394676
true,3,10.743681546868048
false,0,14.588541067033281
true,6,12.020694934406748
false,0,15.0
false,0,12.737426994608263
false,0,14.126165825608101
true,5,6.361232193478903
false,0,5.0
true,7,5.0
false,0,7.894948257389608
false,0,6.941139402410661
true,7,15.0
true,3,14.000560045638034
true,2,11.6250761023414
true,8,11.760425759335144
false,0,7.712121497977197
true,4,7.0626324378472045
true,7,15.0
true,3,13.86940789484189
false,0,8.891879489560194
false,0,5.0
false,0,6.87397051658989
false,0,6.535772411130972
true,4,6.043165123044337
false,0,13.146189088021362
true,3,6.318673503111609
true,3,7.499812731059489
false,0,12.373757896265829
false,0,11.874554625043432
false,0,5.0
false,0,6.605841404082803
true,6,5.819025600523603
false,0,5.0
false,0,5.0
false,0,11.198357854510125
false,0,7.88201522341498
true,4,9.739953374901614
true,6,12.422850827094303
true,3,6.868088739133588
false,0,7.423516117591712
true,3,5.0
true,6,11.395757606902999
false,0,5.48877826994067
true,8,6.40250551451252
false,0,13.604695609523919
true,5,14.95894240559587
false,0,5.128319632437377
false,0,12.700868994754167
false,0,8.330889645656981
false,0,11.025499461765886
true,7,13.491651457548754
false,0,5.0
true,4,6.118015657492107
true,5,12.768498012530374
false,0,8.260290706364255
true,7,9.784731019118208
false,0,8.44493082733
true,5,6.03083945013104
true,3,11.4854426463668
true,7,15.0
false,0,5.0
false,0,5.0
true,10,15.0
false,0,8.942539254607475
false,0,15.0
true,5,5.0
false,0,15.0
false,0,14.595497120634066
true,4,11.164128667556685
true,4,5.0
true,4,6.182757963757598
true,4,15.0
false,0,11.208403274976806
true,6,5.0
true,8,14.804522438694747
false,0,6.643860702802397
false,0,10.997129857307277
true,7,8.435772091507248
true,3,11.838679537801752
false,0,14.076700984779524
false,0,5.0
true,6,15.0
true,2,8.642103231020059
false,0,6.893132300891475
true,5,5.184312334887984
true,6,5.234466345667871
true,7,7.80066541815837
false,0,12.392650464577558
false,0,9.0267266058789
true,9,5.0
true,7,8.88294694397415
false,0,6.785843528755844
true,3,9.778708402402353
false,0,11.964495770755345
true,4,13.061916072449515
false,0,8.17006720033762
false,0,5.0
true,4,11.167168601548353
true,4,13.202021282831506
false,0,15.0
true,5,6.276758755166949
false,0,10.749130166802836
false,0,6.9853719357052
false,0,5.0
true,4,5.0
true,10,8.931091596521467
true,4,13.361842133047183
false,0,6.705931229088364
true,4,15.0
false,0,15.0
false,0,7.559072213857336
false,0,15.0
false,0,11.859753882926423
true,8,9.931299266470166
true,6,12.542189365521212
false,0,5.0
true,3,9.843697323157963
true,7,10.668618507353226
false,0,14.777021904399504
false,0,14.975393099929555
true,5,6.374578703436502
false,0,6.667589242456474
false,0,5.0
true,3,5.22628363387119
true,5,14.856235682174862
false,0,7.036761660814497
false,0,10.199043811168304
true,6,6.813522699127409
true,7,8.949230403895486
false,0,8.115707418677658
true,5,13.397502928391186
false,0,6.408420253982463
false,0,14.592106975611832
false,0,10.414382087159106
true,7,13.143466302388944
true,5,10.384171518215842
false,0,15.0
true,3,12.75508473299495
true,6,5.0
true,5,5.0
true,7,11.425801071994163
true,4,15.0
false,0,10.535651969767326
false,0,5.0
true,5,13.028107944726699
false,0,7.872187472953069
true,7,5.491531648736047
false,0,7.26731596760948
false,0,11.413629010265305
true,3,13.485895703303553
false,0,15.0
false,0,11.566947777361095
false,0,12.756511605444341
false,0,10.961598752659436
false,0,9.470855279388623
true,7,6.948246105353737
true,3,5.0
true,3,5.0
true,7,10.180517564891819
false,0,7.7126443762995684
false,0,15.0
false,0,5.721021493216156
true,4,7.216876317036448
false,0,5.0
true,5,9.90903920085288
true,6,7.170173208766306
true,5,5.0
false,0,5.6631971446133225
false,0,7.902644435974997
false,0,10.64996483814916
true,2,13.390631559974672
false,0,8.10514888542244
true,4,5.0
true,4,10.5914152534983
false,0,5.7079874235857275
false,0,5.0
true,4,10.49318048403946
true,6,12.717385576150491
false,0,15.0
true,3,11.327687873495618
true,5,8.553127815161693
true,2,6.86505288220909
false,0,13.091165277272847
true,2,15.0
true,4,10.965976644805039
true,6,7.662699305979789
false,0,15.0
false,0,6.878302888921126
false,0,6.799683304189684
false,0,6.111449897176694
true,5,7.78552198406817
false,0,14.437390177638902
false,0,8.234179057813906
false,0,5.764737515306453
true,6,10.331828566904827
true,7,13.628132693210553
true,7,5.0
false,0,5.0
false,0,9.61788325461867
true,4,7.751370626450795
true,4,12.750723120214847
false,0,9.413478840999957
false,0,6.451924790349411
false,0,9.35896003527004
true,3,14.696378791667197
false,0,5.062332079768643
true,5,11.101359087882171
false,0,7.204823815266036
false,0,7.71558794373425
false,0,5.913571361794088
false,0,9.5960578156771
false,0,7.330513756900135
true,5,11.875883219724074
false,0,12.402354556572572
true,9,13.349474064237906
false,0,5.0
false,0,15.0
true,7,15.0
false,0,11.482559572726531
false,0,5.0
false,0,13.192703532872631
true,9,10.894337928369008
false,0,9.886533429234605
true,5,6.747150693147297
true,5,9.109921032544564
false,0,14.87539549821447
false,0,6.722932194590627
true,5,12.572190114035177
false,0,13.383570306172837
true,6,11.326770574478063
true,1,12.35297580320028
true,4,7.109254617521007
true,6,9.243948857780008
false,0,9.426943485786383
true,3,12.082447686958723
true,4,5.0
true,0,9.190451903059815
false,0,9.42850968121001
false,0,5.0
false,0,14.122909221653416
true,5,10.578292805752614
false,0,12.814825637268807
true,3,10.296009957518685
false,0,7.705764624527033
true,4,5.367436833260586
true,6,5.057301016894121
true,6,5.0
false,0,6.511722754490748
false,0,9.061348446513644
false,0,5.0
false,0,15.0
true,5,12.742530120107418
true,6,15.0
false,0,5.0
true,5,7.331518417215738
false,0,12.421069657597855
false,0,7.393373601939214
true,2,15.0
true,7,11.573568980379493
false,0,5.0
true,7,8.569913758886889
false,0,14.53825056574162
false,0,9.579056531549655
false,0,8.090797956159905
false,0,11.50809614767711
false,0,10.093219005432083
false,0,9.791571657991302
true,6,15.0
false,0,15.0
true,7,5.0
true,4,11.51176109187715
true,6,15.0
true,1,7.1762862787724035
true,3,15.0
false,0,8.198589019173475
false,0,14.455584465136578
true,5,15.0
true,5,11.644533457760177
true,7,5.254896713822645
true,6,6.386995045135459
false,0,15.0
false,0,11.757078542875057
false,0,11.8307639444282
false,0,10.947721807109968
true,2,5.0
false,0,15.0
false,0,7.238466978556504
true,3,7.93451634663386
false,0,13.089509017907524
false,0,5.071232561486278
true,6,12.165231591042899
true,4,13.678049273682657
false,0,10.826135893837057
false,0,5.0
true,9,9.206320342239493
true,5,5.109937609793659
true,3,14.382800956305806
true,6,9.658103639556911
false,0,6.4824039101565365
false,0,8.415248728675143
false,0,8.069860394118562
true,3,11.569174040348468
true,6,11.441651356176154
false,0,11.313109348199424
true,5,15.0
true,9,15.0
true,7,9.58331194838453
false,0,12.097933776441838
true,3,6.324683743944401
true,5,8.513712343942132
false,0,8.788682734314325
false,0,7.657137346611266
false,0,7.610739606294139
true,3,15.0
true,5,10.87451888568512
true,9,7.438815172587706
false,0,11.925878825060101
false,0,9.58873822987944
true,5,11.358685023556998
true,8,15.0
false,0,9.590809180953519
true,8,10.671638371628474
false,0,6.381489721419895
false,0,14.994048609975302
false,0,11.224130857645388
true,3,11.597630831825459
true,4,12.786242038503318
true,2,12.908578476965308
false,0,11.079676084165092
false,0,8.44385052219177
true,4,6.010816643773001
false,0,10.801225777841184
false,0,9.608376022619476
false,0,10.56153564497189
false,0,11.824848874950186
true,5,14.35673015822703
false,0,9.091741817588037
false,0,13.847861343610948
true,4,6.332210482941454
true,6,15.0
true,6,5.0
false,0,12.242706682660454
true,4,14.686950606770285
false,0,7.953312015898183
true,2,5.41467967651409
false,0,5.0
true,7,13.298150775773378
true,5,10.574695843205456
true,2,9.898293850102586
true,6,12.026694152925176
false,0,15.0
false,0,7.692748298787775
true,4,11.955015840136936
true,7,12.223069275477318
true,5,10.692241273963617
false,0,13.785283145156484
true,6,7.11743653223834
false,0,5.0
true,3,9.487066698650754
false,0,10.932683675659652
false,0,10.501806582246012
true,5,12.026641585537616
true,6,12.373990688149295
false,0,5.022583672623432
true,6,15.0
true,7,7.679943957358942
true,2,11.07818854210316
true,7,8.022603809678197
false,0,13.001455967795707
false,0,10.784958022282986
true,4,6.880500014941422
true,5,9.342806466104893
false,0,5.232467365386203
true,7,14.970815803819814
false,0,12.558380387627844
false,0,8.081507630810993
true,6,15.0
false,0,6.52437339394148
true,2,14.901076203930145
false,0,14.376075426769182
true,6,11.643452774906951
true,4,6.661440398176259
false,0,12.51919780602774
true,6,5.0
true,4,13.265812557999098
false,0,10.01260139697933
false,0,12.125901036626649
true,8,5.0
false,0,12.20894156672442
false,0,7.180423474477705
true,5,15.0
true,7,6.190961574343457
false,0,11.33559876279447
true,3,13.522265025898536
true,7,9.055805356824894
false,0,12.26647190420676
false,0,12.892885975502622
true,7,6.283301396372703
true,5,14.221237728413833
false,0,8.40214912475703
false,0,11.479418767747788
false,0,8.230150523050021
false,0,11.866645282719151
true,6,13.799156227272992
true,6,5.098116647511705
true,6,12.951738332278099
false,0,10.893453009364281
false,0,8.306649131946504
true,3,5.0
true,7,8.254107604480321
true,5,11.604518261859392
true,3,10.43587256424049
false,0,5.0
true,4,12.101205961729052
true,5,15.0
true,4,7.081485566519598
true,8,9.38044066295396
true,4,13.945053187257404
false,0,13.758830281417412
false,0,9.92039392295942
false,0,12.733495971326036
true,7,12.335609224161928
false,0,9.390131527476598
true,1,11.666752751755752
true,8,15.0
true,3,12.29672579294947
true,4,9.496020064988898
false,0,8.618639480588488
false,0,14.46205019758606
true,4,15.0
true,6,15.0
true,6,14.403843282231067
true,5,9.198504502161235
true,5,15.0
true,9,13.181806460702546
true,6,14.003513669926342
true,1,13.807009249403512
false,0,5.0
true,3,5.0
false,0,7.625007080176326
false,0,10.200287703292084
true,3,15.0
false,0,15.0
false,0,15.0
true,7,10.195162566995915
true,4,8.530773932691087
false,0,6.902693669516769
false,0,5.0
false,0,11.80378915897038
true,5,10.737107450241334
true,1,15.0
false,0,7.871821544169883
true,5,10.562850237811793
false,0,6.048167594755649
false,0,8.302729031879975
true,0,14.819046282709936
false,0,8.621700040810422
false,0,8.79882104016349
true,6,9.586306792175922
true,6,14.370668176539658
true,7,15.0
false,0,15.0
true,3,5.0
true,4,7.938618554779836
false,0,8.033148647905259
true,6,8.991088095298021
true,4,6.302666939937691
false,0,10.858774626312504
true,6,12.728018845331851
true,1,6.754139336959792
false,0,5.0
true,5,6.356575804106688
true,5,10.646815255992303
true,5,5.0
true,2,9.030403628163914
false,0,12.28491138186931
false,0,5.0
false,0,10.051879420436393
false,0,14.256104483221655
true,3,12.074132590072304
false,0,9.120724951748386
false,0,8.235832178520551
true,5,11.125122960485733
false,0,8.891845010052014
false,0,11.770325192099971
true,2,9.379379465158543
false,0,7.436900565567781
true,7,8.300235549606747
false,0,9.388922754358221
false,0,8.319245380186532
true,8,13.240936307520512
true,7,12.151461863039794
false,0,10.456572644338717
false,0,5.745762070855882
true,3,13.166996868716451
true,3,9.13246035481106
false,0,5.0
false,0,8.777729546585565
false,0,12.565281313319751
false,0,12.39241165934035
true,2,13.905208417189918
true,4,11.001889565255002
true,4,5.0
false,0,5.0
false,0,10.437979353382493
true,8,10.229156427455985
true,1,11.493980893699899
true,7,12.358764020250648
true,1,8.423359418962788
false,0,13.124283345775785
false,0,10.763271593239848
false,0,10.841142501144843
false,0,15.0
false,0,10.314699401880675
false,0,14.147358332100607
true,7,12.497397508969371
false,0,10.307087201635152
true,6,8.648951968409378
true,4,7.7839700925856725
false,0,9.297267120300411
true,6,9.096205818228201
false,0,15.0
false,0,7.298536714494419
false,0,7.225237556701282
false,0,8.47929792251159
false,0,10.650090484391548
true,5,5.337402179896157
false,0,6.288247860934545
false,0,9.831193911187388
true,5,8.53751055796498
true,4,7.232082150451062
false,0,15.0
false,0,9.064913529515643
false,0,5.0
true,6,13.273209577194057
false,0,14.40491947957053
true,6,14.135461747096471
true,7,15.0
false,0,8.986553922041635
false,0,5.377795482893516
false,0,5.696479173626365
true,8,12.932145027450826
true,6,11.272238868969822
false,0,13.588401423773702
true,6,13.165491593802125
true,4,13.00369514784879
true,5,11.12524872316936
true,9,8.704938737074201
false,0,8.621514070046809
false,0,14.847653972369736
true,2,6.94578887324195
true,5,11.496382793536398
false,0,7.388740758369481
true,5,13.041651305329355
false,0,5.0
false,0,11.68174492241009
true,8,15.0
true,5,12.133378842485017
false,0,15.0
true,4,9.533268878689373
true,8,5.164079391850766
true,4,10.839886634792897
false,0,5.831081302211074
false,0,6.450271334593124
true,4,9.086303046603305
true,4,9.940770465891418
true,6,7.664227003443552
true,6,6.094274904966349
true,5,15.0
true,3,7.121434431902968
false,0,5.0
true,8,8.949710616060486
false,0,10.20830413383935
false,0,9.344800697544727
false,0,5.0
true,4,15.0
true,8,5.0
true,7,12.65644962787968
false,0,14.57059570747203
false,0,11.232301001092432
false,0,8.539220167103773
false,0,7.777108124747095
false,0,7.382900921609717
false,0,15.0
false,0,8.184061857515077
false,0,6.332327945004436
false,0,7.688529216956301
true,10,5.0
true,5,9.823153849238793
false,0,11.419531859739909
true,5,9.966825752861986
true,3,8.72645212972395
false,0,10.636332545038107
false,0,5.0
false,0,7.157676973278857
true,4,12.114645988244781
true,2,10.497770662802
false,0,15.0
true,7,10.751696532471575
true,4,9.024480043501377
true,5,5.0
true,4,15.0
true,4,12.991525730612036
false,0,7.484832032670337
true,4,9.222835935871393
true,5,12.979594692928961
true,5,15.0
false,0,8.388547862411508
false,0,8.528835566837135
true,3,9.18187482402313
false,0,5.0
false,0,13.048084464633414
true,4,7.422075723644722
false,0,9.171775012330484
false,0,6.938668565413585
false,0,5.0
false,0,5.0
false,0,10.99800007317169
true,9,13.687143597922802
false,0,6.9080566869317055
false,0,14.150372157321195
false,0,15.0
true,6,7.2922991468185705
false,0,12.323677943741497
true,4,5.148007548301154
true,9,15.0
true,9,8.948653892333425
true,5,5.0
true,4,15.0
false,0,15.0
true,6,9.88077135881736
false,0,11.005550026311473
false,0,5.3857618956412106
true,9,14.224439483576994
true,2,8.701676217321754
false,0,10.684254809491257
false,0,5.0
false,0,8.449660156170285
true,8,14.393979343801497
false,0,5.311151624690727
true,5,5.0
true,0,15.0
false,0,5.821805917809155
true,5,9.371339321456654
false,0,5.0
false,0,14.57161744729257
false,0,10.690692139571052
false,0,5.0
true,5,7.365466941142774
true,2,6.072633065353008
true,2,7.39312793354526
false,0,15.0
true,5,14.30085150568738
false,0,8.980499717893627
false,0,9.163457859234159
true,3,8.91706391468514
false,0,12.344370922363266
false,0,6.455789147900422
true,5,9.42610547646425
false,0,12.203732730501162
false,0,5.0
true,6,9.878973800288248
true,5,5.807549725619941
true,7,7.348685417078244
true,6,8.524580099877857
false,0,5.506307285708931
true,5,7.645694543842907
true,4,8.363710645543534
true,5,10.69954800967683
false,0,13.159391884638676
true,6,15.0
true,5,7.865432827986693
false,0,8.075699028011547
true,7,10.392617910568225
false,0,5.0
true,2,10.25836549113862
false,0,15.0
false,0,9.042736830840438
false,0,6.441557140123837
true,3,10.78649505913745
true,5,13.109211149726072
true,7,12.213583443173262
false,0,14.375974929054347
true,6,12.467224148495411
true,4,5.0
true,5,15.0
true,7,6.221765012863209
true,2,15.0
true,7,5.0
false,0,7.102765241212468
true,1,14.906128394841991
false,0,8.88533404954022
false,0,15.0
false,0,9.298266728469489
true,6,7.629481971286005
false,0,13.967434541276091
false,0,11.298575645975804
false,0,15.0
true,8,13.716945272077888
false,0,9.237862920181456
true,5,10.073291610402727
true,3,8.552903018855018
true,1,15.0
true,5,8.247734627585467
true,4,13.22370995177569
false,0,7.2827828398128185
false,0,10.684984105392063
false,0,10.344782166608784
false,0,11.205361013232011
false,0,6.863166025056243
false,0,10.587118867546472
false,0,14.366550300901974
false,0,9.90645073749559
false,0,7.421383723186953
false,0,11.64451605761643
false,0,12.961676641163201
true,6,9.030790535370915
false,0,5.611632763821236
false,0,11.747501189994754
true,3,14.657038850229497
true,8,6.9562439280308155
false,0,5.0
false,0,12.986021719542357
true,8,8.686325905666852
true,2,12.372591673089511
true,6,15.0
true,0,13.209510179930163
true,9,11.870317587283257
true,2,5.290938172773924
false,0,7.548476760252588
false,0,6.53451536302086
true,4,12.863617866935341
false,0,5.0
false,0,5.0
false,0,8.556448257745114
false,0,10.18279337999551
true,3,10.401843432235847
true,4,10.314297315035866
true,3,15.0
false,0,7.197376567264867
false,0,13.706565559578607
true,7,11.747553883626827
false,0,11.25973312884885
true,5,5.434439636768568
false,0,5.0
false,0,12.789958265202664
false,0,10.149320446770197
false,0,15.0
false,0,9.514518231963663
false,0,13.791348275037905
true,3,10.1188331097752
true,5,6.8903541805123005
true,3,8.938589575180677
false,0,12.838722337528786
true,3,11.265421664699307
true,3,5.0
false,0,11.98006764098659
false,0,15.0
true,6,13.821575199492981
false,0,9.116640628069211
false,0,12.600561433901905
true,3,5.0
true,8,15.0
true,4,8.784687198291236
true,8,14.277679947079806
true,6,7.684834231873385
false,0,5.0
false,0,6.919106838767825
false,0,9.214679627952524
true,1,10.407979977178933
false,0,8.081721588206097
false,0,5.0
true,4,9.615410814546294
false,0,15.0
true,7,9.26880584524839
true,10,15.0
false,0,11.324989630044557
true,4,6.753008511535041
false,0,9.339571474869519
true,4,10.158572656852199
true,3,12.912509668214861
true,5,14.760712796700723
false,0,5.774898293939036
true,4,9.001736918416006
true,6,10.066204704120015
true,7,5.0
true,6,6.088408300987335
true,4,9.663730430595704
false,0,5.0
false,0,15.0
false,0,10.239841567996201
false,0,7.44204168918319
true,5,14.618218059900176
true,5,9.646757296854407
true,5,5.0
false,0,7.4854924592968874
false,0,11.07883425159138
false,0,11.358039751983055
true,9,10.198812608910533
true,8,6.748470034652009
false,0,7.711386586502522
false,0,15.0
true,7,5.963665037617154
true,6,7.276566780106755
true,4,12.823177606258806
false,0,8.574573175324383
false,0,7.873190983757265
true,4,7.030778266069346
false,0,12.037373898658963
true,6,14.286283552123248
false,0,9.092919031027336
true,5,12.337086384217617
true,2,8.539112020114715
false,0,8.897178680516665
false,0,8.539926352197547
false,0,9.272441032124108
false,0,9.801946407008597
true,4,9.931063169908862
true,1,15.0
false,0,11.696277250891912
true,5,15.0
true,5,7.2822703759562355
true,6,7.15816943775218
false,0,10.644795360437946
false,0,5.0
false,0,9.23724018081377
false,0,12.601492904574721
true,2,5.744821496923777
false,0,11.208307180768978
false,0,12.838101024630479
true,8,13.682354555856422
false,0,13.717083945260393
true,4,6.438654394966175
true,7,10.42946787114804
false,0,5.040304465552262
false,0,11.509501575756866
true,5,5.0
false,0,11.897891349772303
true,1,15.0
false,0,11.517055678874279
false,0,8.345967845379139
false,0,12.351015291217548
true,3,6.593408187957126
false,0,5.942999327272503
true,6,7.933896521930398
false,0,7.368848574310143
false,0,13.528499772713847
false,0,8.39564780492065
false,0,15.0
false,0,10.207962097136042
true,7,8.792536127022556
true,4,15.0
false,0,8.867595604555051
false,0,10.067862651650271
false,0,5.221403300155295
false,0,9.053189992232536
true,3,10.614802131318191
true,5,8.55664343007519
false,0,9.416860947648361
false,0,12.419972295041674
true,7,5.3589459749835555
true,6,10.270939705680686
false,0,5.0
false,0,11.39222217737304
false,0,5.4013389876394
true,4,15.0
false,0,5.0
false,0,11.93828617311954
true,3,5.0
true,5,7.900445611257929
true,4,8.086432741407666
false,0,9.507922624478244
false,0,5.010976650872259
false,0,15.0
true,5,11.208044244625897
true,5,15.0
true,10,12.779423044646341
false,0,12.830313410061068
false,0,9.375115542720144
false,0,6.675107249250089
false,0,15.0
false,0,8.3143313518731
false,0,12.533887652221118
false,0,12.776719861400291
true,6,15.0
false,0,11.729330887236591
true,6,10.314219391359138
false,0,5.0
true,8,8.621739185642163
false,0,7.200534363737113
false,0,11.366073267461239
true,8,7.010562342215861
true,7,5.0
false,0,7.810364180057965
false,0,5.0
false,0,7.265017890131493
true,7,9.278513740833855
true,2,5.0
false,0,5.0
true,9,6.8812988394851775
false,0,13.456051536981569
true,0,12.753017507219997
true,4,5.64234085200597
true,5,13.855025893640013
true,9,11.16292833922603
false,0,7.323272125458196
true,4,10.543532708060875
true,10,15.0
true,5,15.0
true,4,8.926316713702654
false,0,7.274746006608846
false,0,9.033118800165585
false,0,11.277660303241266
false,0,11.71099313450352
false,0,8.33576964575379
false,0,5.0
false,0,10.544604295245268
false,0,10.96187178665502
false,0,10.340166567316329
true,6,7.167331906150027
true,4,8.11063404606412
false,0,12.462584681202035
true,2,8.002112203196967
true,3,10.139853914773168
true,3,5.0
false,0,6.314539412717491
true,6,15.0
false,0,6.3068793641055345
true,6,11.296610417231427
true,4,9.965846615961663
true,6,14.425791321086532
true,4,11.80455232286953
false,0,13.381936115436135
true,8,11.056264889900739
false,0,12.639309348538163
true,8,11.665983891512793
false,0,6.989978038127406
false,0,11.204215574093649
false,0,8.78558698916509
false,0,5.0
true,7,5.973955679018786
true,9,10.676190606370424
true,4,9.409705503698346
false,0,5.0
true,5,5.0
true,6,10.831520650776286
true,6,15.0
true,6,5.548931126439038
true,4,5.539161072487609
true,6,5.0
false,0,10.190486188110384
true,7,9.831182886718882
true,1,11.463692311619772
false,0,6.090996848570185
false,0,6.797583922630425
true,3,10.660772146703156
true,3,13.401396741585035
false,0,14.84152838740236
true,4,11.577004045512103
true,5,15.0
true,5,11.894211481024765
true,5,11.472243170509133
false,0,5.0
false,0,9.451851295020836
true,5,14.423185732378203
false,0,11.19519462447359
true,8,14.742768779606589
true,4,12.940881251251325
false,0,7.055512724405961
true,2,10.91031353423247
false,0,14.938733727898114
true,7,15.0
false,0,8.803924067230625
false,0,15.0
false,0,14.78746536335969
false,0,12.713487091945886
false,0,15.0
true,3,6.023579321791859
true,3,11.75478144475891
true,10,11.26173513553845
false,0,5.029018847013929
false,0,14.613515464100969
false,0,8.157437553388915
true,3,5.49227859339331
true,5,5.908787303354952
true,8,8.434966658884647
true,8,5.614433503914667
false,0,11.293390007621895
false,0,5.0
true,2,14.010316671262366
false,0,8.840175444314925
true,5,6.950776247485559
false,0,10.078544623742442
false,0,6.179604612644089
true,6,11.075076513175073
true,0,5.0
true,1,5.0
false,0,7.649029574609208
false,0,12.015624523995912
true,5,15.0
true,8,11.957142864812386
false,0,8.767678678836571
true,6,12.381538808256106
false,0,14.270281853390197
false,0,14.96800905483639
false,0,8.833230693709982
true,5,7.6009664051325
false,0,11.715257625325473
true,10,14.525622758274542
true,4,14.427875876515898
true,6,12.117080174018373
false,0,7.032385622230564
false,0,13.160852800003717
true,5,6.646239709041055
true,8,10.949745567413311
false,0,5.190549358437121
true,7,6.294605524055197
true,10,8.614916834380308
true,5,11.896084771803967
false,0,8.745503237089352
false,0,6.728461687417141
false,0,7.622304630354
false,0,7.27206504655787
false,0,15.0
true,7,11.305108742340611
false,0,15.0
false,0,8.092642863503125
true,6,9.4100490927191
true,4,8.079288640637706
false,0,11.685229738513854
false,0,11.358289867127192
false,0,11.005944334667616
false,0,15.0
true,8,10.038358928070693
true,6,13.158199654523468
false,0,5.040585801709567
true,6,12.785499496812992
true,4,10.567076506353887
true,5,7.435056628375385
false,0,9.937727977575612
true,5,5.0
true,4,15.0
true,4,7.205882999892635
true,8,7.81328055926154
false,0,12.816934179838398
false,0,10.57070103673555
true,5,8.487314685898529
false,0,9.903253949498811
false,0,7.6836711643226625
false,0,5.554903930952598
false,0,8.042593147221599
false,0,5.940323782725718
false,0,14.501924171980809
true,7,5.178981912106664
false,0,6.975478987824841
false,0,12.79444890106154
true,5,6.312312264777156
false,0,5.6016676449452465
true,9,9.486126867605506
false,0,6.114955396852171
false,0,12.646564566677586
false,0,13.773621200461541
true,3,13.215182966473282
true,10,15.0
false,0,6.238717517772898
true,6,10.255553440222222
false,0,11.187204190376264
true,1,11.985915028297779
true,2,10.072401009898064
false,0,5.831452022241571
true,6,9.59380718635451
true,2,8.920514297905415
false,0,11.43137345757787
true,7,12.11095053862016
false,0,7.514544970289592
true,6,14.715890203339633
false,0,9.072767455930645
true,6,11.650497204027072
false,0,13.716915510348946
false,0,13.045371570266594
true,5,11.098892053923072
true,7,6.8000696579178355
true,9,12.961146812977987
false,0,5.0
true,5,14.859345176051136
false,0,10.132411033699928
false,0,6.399637375686587
true,5,9.872214855952748
false,0,6.315297384317371
true,3,5.089395905449866
true,1,8.533508760757144
true,5,6.970569111406216
true,1,6.992515754872215
true,6,9.903337946753888
true,7,8.527225192749793
true,5,10.561971799231191
true,8,6.811175225985901
false,0,14.093780987938516
true,2,11.25487938410839
false,0,13.455300302017228
false,0,12.984085229483458
false,0,5.0
true,4,7.7355655898649225
true,4,5.0
true,7,10.270191382121139
false,0,9.977556542875131
false,0,8.095384650703233
false,0,5.0
true,6,11.20491215991044
false,0,8.4389004972538
false,0,5.0
true,6,9.391569086106754
true,6,9.298218655084932
false,0,8.701992521678017
false,0,13.66336588431198
true,5,11.008663561007745
true,2,7.205638264491143
true,3,8.760305534615876
true,7,14.324269535761129
false,0,11.482139858930303
false,0,13.126674697233046
false,0,14.029185495481382
false,0,14.29349566583577
false,0,9.213513824619632
false,0,14.09263440826273
true,7,8.952584845063122
false,0,15.0
true,6,10.818066796279199
false,0,11.816594873602156
false,0,5.0
true,2,9.63435351074585
true,0,11.62307830185535
true,3,9.411248703341636
false,0,9.13095020987068
true,7,9.602798993786477
true,3,6.689170602036066
false,0,15.0
false,0,11.722690366380252
true,6,5.0
false,0,8.469088198591212
true,5,5.787543743234435
true,6,7.9939976693780475
true,6,14.236505225179116
true,7,11.646097340600988
true,3,9.064485745059919
false,0,8.382612076862467
false,0,13.246109636270388
false,0,5.0
false,0,13.5265314226175
true,5,8.146809092947095
true,5,8.727412430610892
false,0,10.838582586776324
false,0,12.611705340102628
false,0,13.490919679269227
true,5,13.024077782854938
false,0,5.5524338345011905
true,4,15.0
false,0,7.561040288053849
false,0,5.0
false,0,13.7072101060715
false,0,7.0107944797618575
true,1,7.654570751506668
true,7,6.781803620334929
true,6,10.471750299030985
true,3,15.0
true,6,10.606394968291289
true,4,6.94063129259466
false,0,9.301012180028174
true,4,15.0
true,4,7.8140950788834935
false,0,15.0
true,5,9.740756632830575
false,0,15.0
false,0,5.0
false,0,14.559691377486773
false,0,11.046671121901172
true,5,11.877005139100742
false,0,8.109167987775862
false,0,5.450341798872786
false,0,12.441382852538768
false,0,9.17325122669565
true,5,5.0
true,10,15.0
false,0,5.0
false,0,12.28719389961314
false,0,5.0
false,0,7.216701389986534
true,6,7.313993508718716
true,5,11.116520086761168
false,0,15.0
true,8,5.0
true,3,13.14576359116926
true,6,10.583912746834905
false,0,10.95049266087487
false,0,10.008169414863906
true,8,8.294755887489913
true,6,8.385014585170666
true,5,5.340976083142128
true,5,11.390683046219042
true,5,5.0
true,4,8.49978656251904
false,0,5.0
false,0,12.958601346914902
true,4,8.81838968360421
true,8,8.923492991331246
false,0,12.391149778568776
true,4,5.177383440171726
false,0,11.054328485952075
true,7,10.964742244868303
false,0,13.079667940626857
true,8,12.54652462012502
true,4,8.903772971928754
true,7,11.668283118731237
false,0,6.3406205845019326
true,4,6.0646035423675
false,0,8.194085894351144
false,0,9.415723130904459
false,0,15.0
true,5,5.0
false,0,14.622831530380184
false,0,7.851279847864763
false,0,9.194102251352511
false,0,8.293414836938922
true,7,15.0
true,4,5.0
true,4,6.950468598248292
true,4,11.19012443129502
true,7,10.63712473650592
false,0,10.255841043883118
false,0,11.53854223380049
false,0,6.94215829262295
true,6,7.043388105661593
false,0,5.24840370219613
false,0,6.110497725412815
false,0,15.0
true,6,5.600758332925011
true,6,14.308102018472187
false,0,7.26253113176144
true,7,14.08089881110158
true,8,14.260783821081729
true,8,8.34091916460695
true,5,9.931856944786217
false,0,11.061886409672496
false,0,5.0
false,0,8.689979814135357
true,2,8.921169407512624
