false,5,13.3620278717896
true,3,6.45593253227031
true,8,7.04348611007512
false,2,7.21450826712661
false,8,14.9985905982889
false,7,7.57691281860607
true,4,7.05597532414139
false,4,9.34394242041216
true,6,8.13161069573252
true,6,7.37123309836791
false,8,7.58939390547325
true,6,8.4572754386502
true,4,7.32853441213307
false,4,8.0727886001986
true,4,6.86988288910199
true,8,7.83487627993785
false,8,8.1166571104673
false,8,7.3431239523012
false,6,7.5648506598587
true,5,11.7983049008819
true,4,12.1611433236284
true,7,7.90199148734957
true,7,11.418719933733
false,4,8.9555376730848
false,2,9.67991934608443
true,8,10.6284681856631
false,3,10.9517722584572
false,5,14.7511525231505
true,2,12.8519712009625
false,4,12.5317367165828
true,3,11.4118014554296
false,7,11.1610739843011
true,7,13.9475942223392
true,5,7.9649196512908
true,5,7.24508057843109
false,7,13.0505220632732
true,3,12.2390598664459
false,7,10.8402256194831
true,9,12.1041884947696
true,4,11.9675681861694
false,4,7.68623708263949
false,7,7.48874650329863
true,4,7.91509182163379
false,3,8.76685419098182
false,4,10.4718806410292
true,6,11.5940959847526
false,4,7.82455155317544
false,4,6.30491059903185
true,6,11.2116507587792
true,2,7.50142192946891
false,6,8.53182858127136
true,7,9.8661928630067
false,4,11.7426707708576
true,4,7.39227561803699
false,6,12.2594811282545
true,6,10.7104676991528
true,5,12.3417437487355
true,5,8.54177959515209
false,2,12.3740197914259
false,7,14.0170231046543
true,6,12.4768777169571
true,6,7.85121106581207
false,8,13.880595963109
false,7,8.46664444826063
false,5,12.6827010056241
false,4,12.1723255760207
true,6,13.5944557978043
true,5,11.1350926628332
true,6,12.4417633155287
false,4,6.98711891905228
false,6,8.8691560934422
false,4,8.27054046030575
false,5,7.26031749665095
false,7,12.7594056130145
true,4,7.22054423719411
false,7,9.64646898777662
false,6,8.00273795153774
true,5,7.87075367902369
true,5,13.5732678306939
true,8,11.6140676890404
true,5,12.6390208564296
true,7,8.76292720227686
false,4,8.70354068943922
false,5,6.57959912016347
true,7,6.42145536835183
true,7,6.31081481817608
false,4,12.6190491514123
false,3,11.2809485795128
false,6,11.5880978349636
true,3,8.23425507548455
false,5,7.48980423888418
true,4,11.8938507105132
true,5,8.12834345044702
true,6,6.94640177047463
false,4,7.05371979136859
false,3,13.5180760551033
false,6,9.36019396891394
true,7,8.74048929091558
true,4,12.3838304876917
false,5,12.7526368163575
false,8,9.07038242280559
true,4,7.83106332743167
false,7,9.03178143156688
true,5,7.88402400085122
false,1,12.0292600847599
false,6,6.90898309752614
true,5,6.93419969165447
true,6,7.88177572032214
true,5,10.8289028407052
true,10,12.1956262524949
true,7,10.4623746654465
false,4,7.13815225989041
false,7,6.44085465571984
true,5,7.77322070315274
true,7,9.35650457089321
true,6,12.5802596125704
false,7,14.054640317428
false,5,7.62080035070966
true,7,10.7659778053904
true,6,7.33249807859507
true,6,6.77995614575708
true,6,10.3146201706329
false,3,7.33034700278353
false,8,12.1868199548918
true,6,8.64184462330629
false,6,10.3147069050468
false,7,7.94008862729895
true,5,7.36622612832423
false,4,12.7594498402483
true,3,8.51820983790496
false,5,12.3800391468713
false,5,11.65862784535
false,6,10.7735643838516
true,8,12.0181675465142
false,7,11.0527480427651
false,5,12.4029972286423
true,8,7.5312067665325
true,6,8.98485005854834
true,4,7.46904957766226
true,6,7.62180968555738
true,7,11.752121948482
true,5,12.917486529251
true,7,8.11252200405459
true,7,9.84556366371261
false,4,12.0234957163591
false,1,12.6427013522666
true,5,8.6590463918494
false,6,8.95162385008914
true,3,7.35719835995364
false,10,5.75835216785555
true,6,12.7910491484062
false,6,7.47240565388077
false,8,12.6959673737623
false,6,8.14704709754247
true,7,6.97890844932903
true,6,12.4522969681298
true,4,11.6861405042444
true,7,11.7819553147314
false,9,11.971662343888
true,6,11.5246195278369
true,5,6.82380886065764
true,3,7.95413169115805
true,6,7.71660716239356
true,6,8.88151599612488
false,5,7.37761987998194
true,7,10.5992212434126
true,7,8.32593568757236
false,8,6.38745082671007
true,9,11.0978705045801
false,7,8.25039067568353
false,6,8.43442925602636
false,8,7.33368696570867
false,8,11.4160947254544
false,3,11.0857931422362
true,5,8.02506572698177
true,6,10.7154802083499
false,6,8.36088218898545
true,5,12.5777354110255
false,5,6.15406363669486
false,5,10.4611067123729
false,10,11.9140087104393
false,5,7.68685285098451
true,7,8.85642248927661
false,6,8.20947061129255
false,7,6.60725596237785
false,6,12.715436001618
true,6,7.26451133663112
false,4,12.2437422460121
true,6,8.48953516052842
true,7,13.2570169660459
true,7,7.50868678071462
true,7,10.8977101112205
true,6,8.97324514222941
false,5,12.1033980694579
true,5,13.0134704630746
false,3,8.23209797345385
true,8,7.45396080857677
false,3,12.3873319704662
false,5,7.39629161785959
false,4,12.8012885607325
false,3,6.90579780463359
false,4,12.6434094117827
false,6,9.06974016966847
true,5,7.46515597490355
true,6,12.3686451513632
true,7,8.23714728144703
false,5,12.151672907797
true,7,12.9158734435839
false,5,11.932476074557
false,4,7.97559665980132
true,4,12.8805288461425
false,4,7.1953551346501
true,3,8.16255586005369
false,5,10.7006565480769
true,4,14.0391456917514
true,5,6.56981474903777
false,5,11.386196810284
false,5,12.023805768516
false,3,11.8503861692591
false,7,9.22786491277803
true,6,7.39901111538137
false,9,10.8763344583595
false,6,11.635199035631
false,5,6.58782923390356
false,6,7.74039929821868
false,7,11.7755278416127
true,7,11.5155392360981
false,5,7.16817487086079
false,5,8.33951169525792
false,5,7.92415506865247
true,8,9.48317046469854
true,6,6.66843592060032
true,6,12.507991743483
true,6,7.27383343719267
true,6,11.863027499393
true,7,9.66012394247209
true,5,12.78926091645
true,3,6.62759479293758
false,7,9.69320977422806
false,6,12.9146650818412
true,6,8.2889817875739
true,4,7.02219560811591
false,7,7.73105011311151
false,6,11.5108320764515
true,5,9.06841735435512
true,4,7.52783081518126
false,3,11.4313314304011
false,6,11.2394701596478
false,7,8.84545285893385
true,4,6.27743802535533
false,7,6.54362687170449
false,8,6.21247646713354
true,7,10.8232035310666
false,4,13.8102642349093
true,7,12.7655779339548
false,5,8.01068404035775
false,8,8.37998990390257
true,4,5.20815569358546
false,4,8.66390576829186
false,1,7.3255082912043
true,3,11.7704209187436
true,6,13.3624769871515
true,3,13.3182488277653
true,4,10.7195805853404
false,7,12.353205660544
true,6,7.18747376091991
true,4,7.87403695019113
false,5,7.93926460121271
true,5,7.90886831330955
true,3,7.31906735934019
false,7,6.6345581458078
false,10,7.83007890555174
true,5,8.83755866832497
false,4,11.0099972220287
true,5,7.80842650251915
true,6,9.50720874869982
true,5,10.837094712953
false,8,8.85336842116038
false,6,7.16615636137698
true,6,9.42613854509401
true,5,12.2613684640517
false,6,8.13997926166181
false,6,7.77853875956632
false,6,7.06628197877462
true,3,9.40240767298781
false,5,11.8553660109938
false,3,12.978994213236
false,5,9.10666927260714
true,5,8.29640226014992
true,4,8.08253712461063
false,4,10.9350096048095
false,7,12.9270389275242
false,6,7.45511361161969
false,8,7.31143006974342
false,8,7.371273666445
true,5,7.92906007913218
true,5,8.67443218689155
false,6,10.5075189155077
false,6,7.78762124574029
false,7,12.1691710407232
false,3,6.54167253353567
false,3,14.3039021860984
true,2,7.85996394239951
false,4,8.2413714193271
true,7,11.5476083024878
true,4,8.45789979527909
false,8,12.9618750392668
false,8,6.11981618169002
true,3,6.93976577163547
false,4,6.6568345716119
false,3,9.62468144725899
false,6,11.174583928872
false,5,9.79401260438481
false,4,8.10331188943555
false,7,7.39023737033258
true,6,13.765933027376
false,8,12.3829409072321
true,7,8.65879647846568
true,6,8.89734805215881
false,3,10.0490288469616
false,3,11.7044962213783
true,8,9.06073485570699
true,5,9.79668113164249
true,6,6.89025567302212
false,4,13.1801259247472
true,7,11.5022160426648
true,8,12.7732570044658
true,4,8.4905253776484
false,7,9.26098610028048
true,9,6.76031282904816
false,3,11.5039931857043
true,7,7.84810790691578
false,7,13.6377143224546
false,5,13.5854166156814
false,3,8.44194337282374
true,7,10.0077281222675
false,7,8.20053204759175
true,7,6.98661754354705
false,5,7.6839112890688
true,4,6.28359811105893
false,4,7.19155695232771
false,8,13.4938535589446
true,6,10.9774157617907
true,4,13.1548233564799
false,3,7.69798009866343
false,5,12.7121667564955
false,6,8.26121195445563
false,5,12.0221439189026
true,4,11.8028006047644
false,5,7.79576504528228
true,3,11.6313802098955
true,6,6.41416508588033
true,6,6.37034228092868
true,3,7.63185777135338
false,4,11.1084477808237
false,7,8.6435502434156
true,9,7.47751904117182
false,5,8.38811733796843
false,8,11.1035230531071
false,5,5.47258369248217
true,6,8.42662995490245
true,4,11.4923046348548
true,7,8.39427884918733
true,5,11.6494734375179
true,5,8.5973081751802
true,7,10.588746701899
false,2,8.59342843466129
false,7,8.16180060443958
true,5,11.2431214994167
true,5,9.97952320574338
false,4,11.0140085547427
true,4,7.2541753178841
false,2,7.20349368871531
true,6,9.00539660194685
false,7,8.58188373039892
true,5,11.4567347041916
false,6,8.63721147617847
true,6,12.4808999490894
true,6,7.83903580918128
true,6,7.91995413833444
false,2,12.2479070143718
true,7,7.88053810833557
true,6,10.5663147087113
false,6,8.66012164158899
true,7,8.77262565024157
true,8,7.19023571504865
true,5,8.59573659676451
true,6,7.58781882792403
false,6,11.2714266992835
false,3,9.73499026691173
false,8,11.4491583466289
true,6,14.2791859271111
true,6,7.27349281840849
false,5,8.53346201477921
false,8,7.51896994785671
true,7,12.5518624907085
true,6,11.8842398658002
true,5,8.0693488157839
true,3,12.7921036053468
true,4,11.6306784122176
false,5,7.89615112152995
true,1,10.2752734545873
true,7,7.39157291242649
false,5,10.4482421400921
true,9,8.28047100836719
true,4,10.4840861153876
false,4,8.11623535279118
true,7,7.17298890296075
true,5,6.66416756062712
true,4,7.23295635793839
false,6,7.62217649445831
false,5,8.98900317981386
true,6,11.7245327331077
false,3,11.1985570102328
true,9,13.0307018955633
true,4,8.27717073650827
true,4,11.5812560266381
false,7,7.38752356319616
true,5,9.35882928902744
true,5,8.72168517412095
true,3,5.79695261769734
true,5,9.86051130906707
true,8,7.04726532363953
true,6,11.1895209564756
true,4,6.69367689481357
true,8,8.36602421021293
false,6,8.65852515776772
false,8,10.0865176280243
true,8,8.40157961878753
true,4,8.16032355134984
true,4,9.15197994866952
false,5,7.65341316602867
false,7,9.36049668793223
false,4,9.16707020967232
true,3,12.6321729384278
false,4,7.24093091979984
true,5,7.91179705852945
false,6,7.54459184066385
false,7,8.61834010137554
false,5,13.7205044248078
false,7,8.05278011704255
true,6,13.6048498588007
true,2,12.6529438669165
true,5,7.55590503811638
true,7,9.30444836648195
true,4,12.3500837229481
false,7,10.2391133470001
false,4,9.04294149797461
true,7,12.7209050734738
true,3,12.2898128039096
true,7,11.3465358630959
false,5,7.32652929133852
false,4,11.6356824736692
true,7,7.97280364948129
true,4,7.51474236850808
true,7,7.15964152375968
true,9,11.3277436429158
false,5,12.1173097948462
false,9,8.50563958881648
false,7,10.7601839635861
false,9,6.84291767159033
true,5,8.2239293169249
false,3,7.61855781892891
true,6,9.91139511013352
true,8,12.3858188014006
true,5,8.92307273678854
true,4,11.6240698340043
true,5,9.72435948877625
false,6,6.23545090193196
true,4,8.77805220876793
false,6,10.6018434363535
false,5,13.2192884341282
false,7,7.27472187787388
true,7,12.6662878361922
false,4,6.78884150181452
false,6,8.0569509614992
false,6,7.79314382678264
true,6,7.35488475365925
true,4,9.01879485831951
false,6,7.82272270520896
true,6,7.70276045622158
true,8,7.13865002701753
true,5,12.9457628688758
false,4,8.37812104164778
false,5,12.8614314107352
false,6,11.7718073629076
false,7,13.444597410119
true,8,12.3743608505622
false,4,7.34201824325696
true,6,7.47920328085472
true,9,10.463453095615
true,4,8.03571784675791
false,6,9.47015883943109
false,4,6.48373225562325
false,8,7.28797256959696
false,7,7.14043350113143
false,6,7.22202228473469
true,7,6.87562993810474
true,4,7.9358202079341
false,5,7.78868103680975
false,5,11.6964531085517
true,3,9.75920937427129
true,7,11.895610905556
true,9,11.6912688965682
false,3,12.8070884484717
true,7,8.00179355579175
true,7,11.8589042844436
true,4,11.6588642074393
false,4,11.4095107392127
true,5,7.74699691661918
false,7,13.1411902862675
false,6,7.73865258266232
false,7,7.47106571324447
false,4,8.59730450530222
true,8,7.72189348249671
false,5,11.7294834127955
false,4,7.6976728061285
true,8,12.801776216848
true,5,11.5130272809633
true,8,7.59465868561147
true,5,7.4788444572896
true,4,13.2127427998642
false,7,12.563364586478
false,6,7.6467724427143
false,3,11.6010708622923
true,7,10.8881177034654
true,6,7.50508256824405
false,4,11.5964863039076
false,2,7.46675670186142
true,8,12.0484357044333
true,7,10.8401684584555
false,6,7.08764615558491
false,6,11.8359178703344
false,5,7.47891452969419
true,4,12.2568122175568
false,6,7.83502043830208
true,3,12.0977857395791
false,7,7.46939089006398
true,6,6.27364884158278
true,7,12.3204555036504
true,5,13.1837456391138
false,3,7.83408509396364
true,4,9.99814554048352
false,4,8.0237250761067
true,4,8.94907696621745
true,6,7.51898468001708
false,6,7.24169652928522
true,4,8.27556046015709
true,5,8.85644648338239
true,6,8.43352160586364
false,5,7.18681582051291
false,7,13.205100287809
false,6,9.93494833694806
true,7,8.85569583739
true,5,7.38583507522549
false,6,10.8960963287974
false,4,8.15552930683311
false,6,7.58801963514665
true,9,8.2436260097769
false,3,12.0690921449195
true,5,9.04435496998271
true,5,8.64578751540092
true,6,11.2225127985661
false,5,8.06828993399108
true,5,10.5815301001203
false,5,9.72072894720639
false,5,11.3951320340241
true,5,14.1616776863134
false,4,8.15074267405617
false,5,7.44475110115501
false,6,12.0082494820355
false,6,8.75899834041697
true,6,11.9678540242415
true,6,7.34378919377541
true,6,12.2588104782101
false,6,7.74338022660402
false,6,12.412026695741
false,7,10.7207630926219
false,4,10.0085171451492
true,8,7.57080319279166
false,7,6.64763919812123
true,6,7.9837136531286
false,3,8.54791362255968
true,6,11.0211918241102
false,6,7.7706261759114
true,6,10.6997729173546
false,4,7.24620272692975
false,6,7.4981848616591
true,4,8.20525994352886
true,5,7.74451043061751
false,4,11.5932372512514
false,7,6.74784967646124
false,4,11.8859979871553
true,9,10.6387218481908
false,8,10.9692885245965
true,6,6.96675155160093
true,4,11.6787419441834
false,2,8.08659294907931
false,6,12.4822130195117
false,0,7.54236029733517
false,6,11.037776212558
true,9,11.2184560131419
false,6,8.70456868300848
false,5,11.7304349299768
false,7,12.5578801331685
true,6,13.8652370166285
true,7,7.48802860431677
false,4,7.50022732421404
false,6,12.7957792225705
false,5,7.90470433258949
true,7,8.26588149787925
false,2,13.3019968046712
false,5,8.58291830311769
false,9,11.8798913269725
true,4,8.4024122643643
false,7,6.01096311063438
true,4,8.65527841352298
true,7,6.73813643912917
false,11,9.99204775717685
true,6,7.54023677431816
false,8,11.7277081910794
true,4,7.21914813211002
true,8,12.2046876293757
true,5,10.5010780873612
true,6,12.1267562190486
false,5,7.69941059322838
false,5,7.68466043706901
false,9,11.7080983269715
true,7,7.1999739044478
true,6,7.39035982062328
true,3,7.65153903533398
false,5,13.2023477736563
true,5,9.71972822736797
true,8,7.12984889683882
true,3,8.02506306885598
true,6,7.29432874333228
false,6,5.00064933850244
false,5,6.44821018605167
true,3,6.25929761309171
true,5,8.34356163012347
false,5,12.137872824604
false,9,13.2390476131668
false,6,8.21442582230829
true,6,10.8890671256211
false,5,8.00970614236295
false,6,11.2115992149812
true,4,11.7073999191739
false,6,11.9655494876381
true,6,13.1489324466128
true,7,12.5887310628322
true,9,7.47404926837748
true,8,8.14932333342666
false,6,7.06385742762489
true,3,7.05265010524478
true,10,12.3578442238709
true,3,7.99534316763734
true,7,8.27778704338036
true,6,12.2434463811918
true,4,7.61197154059854
true,4,12.9314071055397
false,6,7.60653418892521
true,4,9.40921822869383
true,7,8.18716179268061
true,4,8.49785404575603
true,6,10.8369766245013
false,5,11.2738888200159
false,5,10.8626889180125
true,4,7.67160006662877
true,7,8.34296417214294
true,4,7.38244482942074
false,6,9.33910489461142
true,4,7.3314149756465
true,6,7.10257675153087
false,5,9.3414106114108
false,6,11.7799488717786
false,5,10.8046399881918
true,6,11.4278186879333
true,6,7.54654865880407
true,4,13.2622518623648
false,6,13.403081352641
false,8,10.2570072937106
false,5,8.20429065348796
true,5,12.1086069668307
true,6,13.5326395779282
false,5,8.01852526918534
false,6,7.87633419604036
false,6,7.26136523391959
false,7,11.1259461876999
true,5,13.1246330656325
false,7,6.71896270677568
true,5,7.89417257569993
false,6,10.5568068563258
false,5,12.758906399866
false,6,10.53320389389
true,9,9.33137837791683
false,6,6.89488408816077
true,5,11.198789070198
true,6,8.07808098350531
true,5,7.06078439467883
true,5,7.67756304953817
false,6,11.4213049438074
false,7,11.4739182995236
false,5,10.0021281321299
true,3,7.72025319157435
true,4,9.20068489657853
true,2,10.9231720783336
true,6,8.43022022360906
false,4,8.9980193773799
false,4,7.49901976860505
true,5,9.35043651955401
true,4,7.07387680138549
false,6,11.6116165400274
true,3,10.0947866582602
true,5,8.63915021599983
true,6,13.0217634419865
false,8,8.58415745436039
false,8,12.1090547493384
true,9,7.68928935751749
true,5,7.06535108726575
true,7,13.5075621166252
false,9,8.01973301028294
true,5,8.48895436966693
false,5,13.3657318863617
false,6,7.00113486764379
false,5,12.1569339983735
true,9,6.96407341310358
false,5,7.54602632434412
true,5,7.39851195865627
false,6,9.48681732388921
false,7,6.23090279824688
false,8,14.3275993424005
true,5,12.2789411571731
false,6,7.394151469559
false,4,8.7482462316727
false,7,11.1873620110864
false,9,8.52662688655809
true,5,7.79303878198568
false,6,14.4127558503365
false,4,10.8486610106306
true,8,10.6976698180119
false,6,7.08833675984372
true,4,6.6251134623092
false,4,12.1206287225435
false,4,7.80483578650233
false,7,12.1426098374777
false,6,7.81368758621198
false,6,9.77655171228319
false,5,11.3382261315501
false,4,7.70793703135907
true,5,6.62641038254521
true,3,12.6749850041006
false,7,7.13360905842094
false,7,10.276562822476
false,3,8.20936221537018
true,3,7.01239211309206
false,7,7.69434509645043
true,8,6.14325654319595
false,8,8.04266164975578
true,2,8.87276600430144
true,5,10.9998014852117
false,6,7.88484173663947
true,6,7.14880283345784
false,8,7.94629417894246
false,6,8.25628207820845
true,4,13.2364094919506
true,4,7.77310729600693
false,4,7.35602690217367
true,8,8.0968021168937
false,8,11.1250092048622
true,4,6.11253301183145
true,5,7.42316389262382
false,5,7.56919365389829
false,5,11.5309649695092
false,3,11.7052685781177
true,8,7.11289002820801
false,4,6.5910191198942
true,4,8.14645318902106
false,7,6.54733963481241
true,5,13.1580806600809
false,4,7.16480031126454
false,4,8.12921613347534
false,6,7.16964668540163
true,5,8.3603720284515
true,7,7.84187496147672
false,8,5.3479674742585
false,4,7.49452440251102
true,4,8.34491142484961
true,6,12.274116816202
false,7,8.31688065361685
false,3,6.94868784289758
true,4,8.74639348818726
true,7,7.08623004976092
false,8,12.0049384895569
false,8,11.4461531760212
true,6,11.926590664039
true,7,12.500870949549
true,4,6.41909620400066
true,6,8.25992652031941
true,7,7.75084704390434
true,7,11.1593265757955
true,6,9.64920209887038
true,4,7.42455022343308
true,3,6.82424161055697
false,6,9.74026139818492
true,5,11.2435956912688
true,9,7.66235735441393
true,7,11.9283097672666
true,5,11.2148483576976
true,6,11.9693483070826
true,8,9.92657676334519
true,5,7.71465437208339
true,6,11.3718635869112
true,4,11.1606202800793
true,6,13.0964148728901
true,6,9.01465692073515
false,3,7.72963939007638
false,6,6.97405718878869
false,6,11.235591575935
false,7,9.10245836242595
true,7,13.4069831280495
false,5,6.86015303584376
true,5,10.6922232706479
false,5,7.37186681173476
true,6,8.01320995331142
true,5,8.08277815316547
true,6,11.2334041807835
true,6,11.2767561654317
true,6,7.94928849285301
true,9,7.79243539557138
false,4,11.4594604130776
true,6,7.85366818589709
true,6,7.38997863605796
false,7,12.2391149953427
true,8,12.2530687835628
true,4,8.87560065609092
false,6,7.71769327814888
false,4,10.8619855915631
false,7,7.35301388262626
false,3,10.6420918588077
false,6,13.1666851357216
false,4,9.52277715858558
true,5,12.6699126381367
true,6,7.50593735831589
false,3,12.8047449024901
true,4,13.5503221803505
false,3,12.3751912604096
true,3,7.57416447400662
true,4,6.69877379191791
true,5,12.4672220612737
false,5,8.22839387167422
true,5,9.33626059943816
false,7,8.32585043960571
true,4,11.8840039206197
true,6,7.21984741671885
false,7,7.87536721228325
false,7,7.74598672758517
true,3,6.22678397766816
true,5,8.63194035269694
true,7,9.67927783777275
false,5,7.22526043377673
true,5,9.89538382174449
true,7,6.97746980304876
true,7,12.5343052207007
true,6,6.86715111528623
true,2,7.7535617694569
false,6,12.8073467758121
true,7,7.95937651430127
false,6,12.4107002184799
true,4,9.46857554551397
true,8,9.34893951007466
false,7,8.4891091980958
false,4,14.9916521944495
true,4,12.6829173840729
false,3,8.0860045235246
true,9,8.82450994381441
false,4,6.73541714033617
false,3,7.62812859303219
true,8,10.7621992355519
false,6,11.3146976374946
false,1,9.55079801750596
true,4,7.17747601797601
false,5,8.54582683796305
true,8,9.34398832293132
true,4,10.1367334161206
false,6,13.144399303803
false,3,7.05174894654645
true,7,7.74756301539268
true,4,8.3382667566835
true,5,7.08163822160005
false,5,12.4826056082846
false,5,11.5569731550192
true,3,10.6419830035611
false,3,11.2896618754161
false,5,10.8179554501305
true,3,13.9090277473851
true,7,11.9578814292327
true,5,7.35545549248371
false,8,12.046154993544
true,3,6.91186396900201
false,3,7.75203229690039
true,3,8.19767122136495
false,5,8.05252752669122
true,3,7.39562467359665
false,5,7.65298521188932
false,3,7.71177395702817
true,5,12.1585143490093
false,9,7.42309348734675
false,6,12.6479169589529
false,4,8.86163880334019
false,7,8.55986086212864
true,6,9.0519314518123
false,3,7.81698274554552
true,2,11.1051022871203
true,6,11.7066853858417
false,7,8.10835681104981
true,6,8.17014720972749
false,4,12.7882677784646
false,6,11.9930729071762
true,2,12.3673960637741
true,6,8.53242092179691
true,7,6.83202901365818
true,5,9.07179849181376
false,4,8.60192365644622
true,6,13.2275800678134
false,6,7.31746750530598
true,4,7.68234135768372
false,6,11.4031371502907
true,6,8.08671338315567
false,2,7.54453705092683
false,4,9.15706588044252
true,4,8.01047706418235
false,7,11.7727322123655
false,5,13.7423329125078
true,6,11.5199319784032
true,5,7.14887882385698
true,6,7.28111964504461
true,9,11.6907241730833
false,9,6.95827520725575
true,8,11.6829700292645
false,4,11.0636984300688
false,7,7.62774516276517
false,8,7.48131396378379
true,6,8.23487694173233
false,9,13.9756818644627
false,5,8.4741705730021
false,5,7.99486548650082
false,5,12.090105359432
true,7,7.49676521277472
false,7,12.6743112776719
false,6,11.8238870819377
true,8,8.09967639400581
true,3,7.38782116055947
false,7,8.11526670662593
true,5,8.04605211734221
true,4,11.9677417070621
true,5,11.1235493051649
false,4,12.7047892655509
false,6,6.7660103262492
true,4,8.56776152780728
true,5,8.52183210922164
false,5,7.5698956872815
true,8,8.1157576962009
false,6,6.68240394549916
true,6,11.3929549400048
true,4,9.93677363373828
false,3,11.3895897301634
true,7,8.60767932316556
true,7,5.89228077718775
true,6,8.67525149995592
false,5,7.43579496292393
true,2,7.39359478194474
false,6,6.23869292509633
true,5,7.70280110655173
false,6,7.04420278677105
true,7,6.88459910414946
true,6,8.22617127891827
true,6,6.88765761957715
false,4,14.6160696975494
true,5,12.6528923002791
false,8,6.81590545117071
true,3,10.6972670269828
true,2,13.2297352640661
false,7,6.42861896819695
false,5,13.1574489345208
false,4,7.62710599211178
false,6,7.79691482900438
false,4,8.68910639455024
true,4,12.2849543084204
true,7,12.5490694212109
true,3,7.87904339933478
true,4,7.01482709441123
false,4,11.357027708385
false,5,8.47929670511704
false,8,12.1954723023048
true,7,6.46262898713555
true,5,11.4198489326438
false,5,7.19271121906934
false,5,9.58762994670363
false,4,8.07002872181534
false,4,7.02678323590637
false,5,8.55630534196485
false,8,7.8053798455489
false,4,7.63897846053697
false,5,9.12807080703779
false,2,11.6805874621407
true,7,12.318702136914
true,6,8.34122337141019
true,5,12.1879762605316
false,8,6.48177426715664
false,2,7.41937175586078
false,7,12.4420600343665
true,5,10.6280688054417
true,7,7.97006323752326
false,4,7.75296836017894
false,7,14.0796064420602
false,10,8.25859006736399
false,9,13.5654159367752
true,2,8.10003399658281
false,7,13.422948654721
false,4,11.9630427022014
true,2,9.18183398615834
true,4,10.9074986580324
true,6,8.15582825409343
false,7,8.2554586185923
true,7,9.31196673775732
false,8,7.85440830713867
false,2,8.67173667154451
true,5,13.4314363592271
false,4,11.3694594319712
true,10,12.7943307613288
true,5,12.4170112046133
false,7,6.21551534019542
true,7,7.62916006311712
false,4,7.34880177944956
false,4,10.6232817240852
false,5,10.8248068050449
false,1,13.5302484605756
true,5,11.9328526705499
true,5,8.20031688086797
true,5,6.53884738264362
false,6,8.01419676051702
false,5,13.020152936109
false,7,8.17532476875275
false,7,8.74615869066663
false,7,7.45554244561802
false,6,14.0208512036623
false,3,8.40879620631046
false,5,8.00642468002768
false,7,11.1671735740081
false,6,8.42523064400262
true,5,11.6807629264808
false,7,9.9289985441793
false,4,11.8584443854923
false,6,9.10084703886114
false,6,13.5984858096143
false,8,6.75067535801355
false,3,10.3497286181644
false,8,11.1252129013529
false,7,12.8649864166926
false,11,11.4873812319278
false,6,7.13596186038058
true,7,12.2747669415212
false,7,12.2804652516753
false,2,13.5781804217296
false,7,7.0112166354595
false,7,11.7893615187734
false,8,6.32286517105269
true,9,7.32448048080084
true,7,10.7807402923371
true,8,11.3944645840069
true,7,9.93451038489655
false,4,7.78913180291965
true,7,8.3505358278818
true,5,11.081041848771
false,4,6.83097986183008
false,6,10.0843015465462
true,3,13.0892284455305
false,6,6.86021351626223
false,6,6.16901542895916
true,8,10.1879068491925
false,8,8.6406919271836
false,4,7.77860100892253
false,8,10.8459960729819
false,3,7.33779778413696
false,7,13.4438316535229
true,5,11.8794151347593
true,5,10.7943399847089
false,7,13.3955651416785
true,7,14.4936083190938
true,9,12.5977154939133
true,4,11.9119428326916
true,5,11.9919954208885
true,8,10.529894206052
true,7,12.5510450997432
true,8,8.10745723192844
true,3,8.07338200141179
false,4,7.85353977269688
false,3,8.00859451086315
false,7,8.16156209545705
true,3,7.82524207965423
false,8,9.63285474881663
true,4,10.7758383460062
false,6,11.8418191681978
true,3,12.4539636480612
false,3,8.82011839196399
true,4,6.96684346977658
true,6,9.01912990172135
false,3,10.3323179950207
true,5,6.98340508456557
true,8,9.33420864548768
true,8,7.46957254761363
false,7,8.80042041592934
false,8,8.20349693399031
true,4,7.6209455136286
true,5,7.20347981194691
false,6,7.73194595652572
true,7,8.72767730503606
false,7,8.13424321968017
false,5,12.3334901700552
false,3,7.61277779888647
false,4,8.44426664092119
false,5,7.83895087401194
true,6,6.87009153395091
true,5,6.80687021684746
false,6,8.21002864748575
true,6,8.0635596838469
true,5,8.16281086589828
false,4,12.0633365179642
false,4,8.15860998615824
false,4,12.2365582612681
true,5,7.19237870725231
true,5,6.26759190984372
false,6,7.35710575575576
true,4,9.08361886141758
true,4,7.59845157953122
false,7,9.0915041196187
true,4,7.37102202134156
false,4,12.705342162137
false,3,14.1573161799676
false,6,11.6608510714498
false,4,7.80361779577277
false,6,12.1269030470271
false,5,7.56298598033262
false,6,10.9521375306824
true,6,11.5978124860931
true,3,7.99829377809768
true,5,8.42086268966956
false,4,11.5401515010325
false,9,10.1463367740391
false,6,6.5992540960496
true,4,11.4248792806565
true,7,7.54561938085431
false,6,7.8940834258927
true,5,7.43860065689387
false,9,7.10453730339676
true,8,13.4665376866511
true,2,13.3530016957544
true,8,12.101816743605
false,3,11.8446493859963
false,6,7.74704690482167
true,7,11.4169624784334
true,5,11.0768570946765
true,3,11.5494834391716
true,2,13.957206655433
false,5,11.9544909587709
true,5,7.14132198504543
true,5,8.08877491034415
true,9,11.5219409134212
false,3,11.1641495188581
false,1,7.22590420174264
false,4,8.36283559454073
false,4,7.12812786942663
false,8,11.8010026336288
true,6,9.03000395951857
false,2,6.9409206930878
true,5,7.85687935269044
true,4,8.8022930460572
false,6,8.48878035080155
false,6,9.50252581648032
false,6,12.1861705439048
true,7,8.0960538608672
false,6,7.52681270449686
true,7,13.4439172529214
false,5,8.01920448900579
false,6,8.16061344082697
false,4,12.9964475888373
false,4,7.49655483415501
true,4,10.6773832148727
false,4,7.72959778530929
true,8,10.9576695289121
false,6,12.4840248759352
true,4,8.17240832305928
false,6,5.88488308464912
true,5,8.55939893503648
false,7,14.1297790666262
true,6,11.5002765764709
true,6,11.473065441203
true,8,12.7683155547703
false,4,7.85017935606446
true,5,7.352609163742
true,6,14.1878716188103
true,5,12.3111464400961
true,7,12.0359334170132
false,7,6.40728952191668
true,7,10.9625257262233
true,7,8.8434759502096
false,6,8.23668126771286
false,4,7.35494608060592
true,6,12.796586378286
false,6,12.533696883318
false,7,6.80880471770711
false,6,8.65670207187184
false,9,7.77154050837977
false,4,7.38209625434704
false,6,8.96082667419711
true,4,8.26740637823099
true,6,13.5384587800531
false,9,12.6910352984276
true,7,7.41637394114111
true,9,12.6789653722779
false,4,6.89782015294663
false,4,9.92817914984274
false,5,7.92121882392434
false,3,11.6794509233197
false,6,8.56636265860917
true,6,12.4988792149178
false,6,8.22664714454989
true,7,11.6525130773816
true,5,7.63709841536927
false,5,10.5228365408045
true,6,7.12817674052636
true,6,11.4706151304755
false,6,10.7249879176711
false,6,11.7942420826049
false,10,8.32895404687713
true,7,8.56403680633517
false,2,12.7690368974886
true,8,7.15888644622785
true,6,10.3050092397958
true,2,12.2909478382639
true,5,8.46951837857737
true,5,10.8385296341614
false,6,12.4168806889049
true,8,7.82661344209606
false,6,10.3796538494821
true,6,8.26117261090466
true,4,7.21008026367527
false,8,9.83968610450719
true,7,7.36845146975167
false,5,12.7849025354232
true,4,7.10093606894626
true,1,9.07462970069312
true,4,11.5714165834349
true,4,7.93896386447777
false,7,7.13920976889006
true,2,6.81269658333299
false,6,12.278204565945
false,3,8.37946600127435
true,8,7.8052565326985
false,5,8.93991362097046
false,6,10.9666807525191
true,6,6.66879786422739
true,5,11.9965062901009
true,5,8.35593299618843
false,6,8.03030141879294
false,5,6.54118764767784
false,7,10.1611065617934
false,6,7.42500958571487
true,6,7.76172265071163
true,4,10.858900370858
false,6,7.57929136376498
true,5,10.4810782112792
false,6,7.93997092824085
false,5,8.75830782342208
false,5,8.13589833469466
true,4,12.4740981632053
true,6,10.5978927123399
false,5,7.95975934614974
true,5,9.53503610102385
false,5,7.89098468833546
true,7,8.73438485561398
false,5,12.2389202744207
true,4,10.7985666503512
false,3,7.58949762497493
false,5,9.48212290490311
true,6,6.59778200328742
false,6,6.98334293441676
false,7,8.12635982390172
true,9,9.37381042044293
false,3,8.34930328479886
true,6,12.1830519426193
true,6,7.98042241692695
false,7,10.7585944307696
false,4,12.8703607980373
true,5,10.6780797336039
false,9,7.75569052083072
true,7,6.52623624439379
true,7,11.6369553809422
false,6,6.41810991046105
false,5,11.6763030851141
true,7,10.3637646316665
false,6,6.57246630046416
true,7,7.74048344106953
true,5,7.75149791522642
true,6,7.90628369707396
false,6,7.53535336737164
false,5,11.6126879286762
false,2,12.1316362608653
true,7,11.5324177268964
true,6,7.08471179826818
true,5,11.6661937462857
false,7,8.54257088616927
true,6,11.4632019789659
true,6,8.99377971045147
false,6,12.0702639635861
true,7,6.11129273381651
false,4,10.6339203755158
true,4,8.24536376058919
false,5,7.04970798238317
false,5,8.29699020783545
false,7,13.3327785636355
true,6,8.01962274086583
true,5,8.40658335432347
true,5,6.9507814882075
true,3,7.66263697662693
false,4,7.42053962901753
false,3,6.62067938572418
true,5,6.57068498169794
true,5,8.06939980340539
true,7,9.1559645269054
false,6,8.76226296379734
true,9,7.19503023167059
false,6,11.2212438417518
false,3,11.0056199066777
false,6,7.9733796933991
true,3,5.54869236627824
false,2,8.89124294157854
false,6,12.7899792619338
false,5,11.3837342647203
true,6,13.2721550575821
false,3,12.3435201120768
true,6,7.42406578949496
true,3,11.5349070966895
false,5,8.34832560221818
false,6,7.80405254057917
true,3,8.09284513916913
false,7,7.87009789200356
false,7,7.9068845947364
false,5,7.96922789700456
true,5,11.2243564749382
true,4,8.41932276820971
false,1,7.43952099348631
true,5,6.75968171400301
true,5,11.4605419537251
true,6,7.92507710249017
false,8,11.7100802102876
true,6,7.87152631062065
false,3,11.0319735892264
false,5,8.26889885079932
false,5,6.67502308228052
false,5,7.76846782095285
false,3,8.29924349284205
true,6,7.08761816860415
true,5,12.8485789065731
false,7,12.3329137224463
true,3,12.456287732103
false,3,12.1595274057986
true,4,8.56153068076349
false,5,8.19847473967942
true,1,8.30533495887251
true,6,12.1240594088235
false,4,7.69064352325655
false,4,11.9898179587902
true,4,14.0614323568301
true,6,12.5101422945337
false,6,9.89828261453493
true,4,7.52360827357186
true,5,8.47463990034306
true,6,11.6495495846422
true,2,7.38740624776147
true,4,8.05871584148763
true,5,12.0833677737846
true,9,12.8420917341636
true,7,11.1059429011465
true,6,11.8178294088468
true,4,8.15868743130073
false,6,8.38387732515309
true,5,13.6360363934457
false,6,6.89683133825274
true,4,10.844401730863
false,6,6.81244059141845
true,7,7.83737886428216
true,5,13.6107456049173
true,6,7.83106347764065
true,6,11.6553222057896
false,5,8.55100304739634
